Make,Car Name,Year,Car Type,Car Class,Class Rating,Rarity,Price,Speed,Handling,Acceleration,Launch,Braking,Offroad,Country,Collection,Add-Ons
Abarth,1968 Abarth 595 esseesse,1968,Cult Cars,D,100,Common,25000,2.6,3.7,1.7,2.6,2.0,5.2,Italy,"Autoshow, Wheelspin",
Abarth,1980 Abarth Fiat 131,1980,Classic Rally,D,399,Common,125000,4.3,4.1,4.1,3.9,3.2,5.9,Italy,"Autoshow, Wheelspin",
Abarth,2016 Abarth 695 Biposto,2016,Hot Hatch,B,540,Common,250000,4.9,5.3,4.7,3.9,4.8,5.1,Italy,Seasonal,
Acura,2001 Acura Integra Type R,2001,Retro Hot Hatch,C,471,Common,25000,5.6,4.6,3.9,3.1,3.4,5.4,Japan,"Autoshow, Wheelspin",
Acura,2002 Acura RSX Type S,2002,Retro Hot Hatch,C,462,Common,18000,5.6,4.7,3.9,3.0,3.5,5.6,Japan,"Autoshow, Wheelspin",
Acura,2022 Acura NSX Type S,2022,Modern Supercars,S1,734,Epic,193000,7.3,6.2,8.7,7.7,6.9,5.4,Japan,Seasonal,
Acura,2023 Acura Integra A-Spec,2023,Hot Hatch,C,484,Rare,36000,5.7,4.7,4.2,4.2,3.7,5.5,Japan,"Autoshow, Wheelspin",
Alfa Romeo,1965 Alfa Romeo Giulia Sprint GTA Stradale,1965,Rare Classics,D,379,Rare,343000,4.0,3.7,3.7,3.2,2.8,5.3,Italy,"Autoshow, Wheelspin",
Alfa Romeo,1965 Alfa Romeo Giulia TZ2,1965,Classic Racers,B,532,Legendary,1200000,5.5,3.8,4.3,4.4,3.4,5.1,Italy,"Collection Journal, Seasonal",
Alfa Romeo,1968 Alfa Romeo 33 Stradale,1968,Classic Racers,B,593,Legendary,3500000,6.2,4.4,5.7,4.4,3.6,5.0,Italy,"Autoshow, Wheelspin",
Alfa Romeo,1990 Alfa Romeo SE 048SP,1990,Retro Racers,R,978,Unknown,,,,,,,,Italy,Autoshow DLC,Italian Passion Car Pack
Alfa Romeo,1992 Alfa Romeo 155 Q4,1992,Retro Super Saloons,C,439,Epic,30000,4.8,4.6,3.9,4.2,3.3,5.7,Italy,Autoshow,
Alfa Romeo,2007 Alfa Romeo 8C Competizione,2007,GT Cars,A,635,Epic,312000,7.0,5.3,5.4,5.5,4.9,5.2,Italy,"Autoshow, Wheelspin",
Alfa Romeo,2014 Alfa Romeo 4C,2014,Modern Sports Cars,A,644,Epic,73000,5.9,5.7,4.8,7.0,5.2,5.0,Italy,Autoshow,
Alfa Romeo,2017 Alfa Romeo Giulia Quadrifoglio,2017,Modern Super Saloons,A,667,Rare,45000,7.3,6.4,5.9,4.9,6.7,5.0,Italy,"Autoshow, Wheelspin",
Alfa Romeo,2021 Alfa Romeo Giulia GTAm,2021,Modern Super Saloons,S1,717,Unknown,,,,,,,,Italy,Autoshow DLC,Italian Passion Car Pack
Alumicraft,2015 Alumicraft Class 10 Race Car,2015,Unlimited Buggies,B,532,Epic,45000,4.4,3.8,5.0,4.1,4.8,9.9,USA,"Autoshow, Wheelspin",
Alumicraft,2021 Alumicraft #122 Class 1 Buggy,2021,Unlimited Buggies,B,571,Epic,160000,4.9,2.9,6.4,5.3,5.3,9.1,USA,"Autoshow, Wheelspin",
Alumicraft,2022 Alumicraft #6165 Trick Truck,2022,Unlimited Offroad,C,485,Epic,300000,4.4,3.0,3.6,2.6,5.0,9.3,USA,"Autoshow, Wheelspin",
AMG Transport Dynamics,2554 AMG Transport Dynamics M12S Warthog CST,2554,Unlimited Offroad,A,663,Legendary,850000,4.2,3.7,9.1,10,6.7,10,USA,"Autoshow, Collection Journal",
Apollo,2019 Apollo Intensa Emozione,2019,Extreme Track Toys,R,916,Legendary,3200000,7.4,9.1,7.7,8.4,10,4.4,Germany,"Wheelspin, Seasonal",
Ariel,2013 Ariel Atom 500 V8,2013,Extreme Track Toys,S2,825,Epic,190000,6.3,7.7,7.8,8.5,6.9,4.5,UK,"Autoshow, Wheelspin",
Ariel,2016 Ariel Nomad,2016,Unlimited Buggies,A,601,Rare,54000,5.1,4.5,6.5,7.2,4.2,8.3,UK,"Autoshow, Collection Journal, Wheelspin",
Aston Martin,1964 Aston Martin DB5,1964,Rare Classics,C,416,Epic,500000,5.1,3.8,4.0,2.9,2.7,5.7,UK,Autoshow,
Aston Martin,2016 Aston Martin Vulcan,2016,Extreme Track Toys,S2,884,Legendary,2300000,8.2,8.9,6.6,7.0,10,4.2,UK,"Autoshow, Wheelspin, Loyalty",
Aston Martin,2017 Aston Martin DB11,2017,Super GT,A,679,Epic,175000,7.3,5.8,5.7,6.1,6.1,5.3,UK,"Autoshow, Wheelspin",
Aston Martin,2017 Aston Martin Vulcan AMR Pro,2017,Extreme Track Toys,S2,898,Legendary,3000000,7.7,8.8,6.6,7.0,10,3.7,UK,"Autoshow, Wheelspin",
Aston Martin,2019 Aston Martin DBS Superleggera,2019,Super GT,S1,736,Epic,275000,7.8,5.9,5.8,6.2,6.9,5.0,UK,"Wheelspin, Seasonal",
Aston Martin,2019 Aston Martin Valhalla Concept Car,2019,Hypercars,R,960,Legendary,1150000,8.5,9.2,10,10,10,4.9,UK,"Wheelspin, Seasonal",
Aston Martin,2019 Aston Martin Vantage,2019,GT Cars,A,696,Epic,250000,7.0,6.1,6.0,6.4,6.1,5.0,UK,Autoshow,
Aston Martin,2021 Aston Martin DBX,2021,Sports Utility Heroes,A,618,Rare,250000,6.5,4.8,5.9,6.1,5.2,6.8,UK,Seasonal,
Aston Martin,2022 Aston Martin Valkyrie AMR Pro,2022,Extreme Track Toys,R,989,Legendary,4200000,7.9,9.4,8.0,8.6,10,4.7,UK,"Autoshow, Collection Journal, Wheelspin",
Aston Martin,2023 Aston Martin Valkyrie,2023,Hypercars,R,924,Legendary,2750000,9.2,8.8,7.4,8.0,10,4.7,UK,"Autoshow, Wheelspin",
Audi,1984 Audi Sport quattro,1984,Retro Rally,B,526,Epic,650000,5.7,4.7,5.5,2.9,4.0,6.0,Germany,"Wheelspin, Seasonal",
Audi,1986 Audi #2 Audi Sport quattro S1,1986,Rally Monsters,S1,726,Legendary,750000,6.3,5.9,8.9,2.4,5.4,8.1,Germany,"Autoshow, Wheelspin",
Audi,2001 Audi RS 4 Avant,2001,Retro Super Saloons,B,544,Common,175000,6.4,5.3,5.5,4.7,3.6,5.7,Germany,"Autoshow, Wheelspin",
Audi,2003 Audi RS 6,2003,Retro Super Saloons,B,556,Rare,35000,6.8,5.2,5.0,4.9,4.1,5.8,Germany,"Autoshow, Wheelspin",
Audi,2006 Audi RS 4,2006,Modern Super Saloons,B,593,Rare,75000,6.9,5.5,6.0,5.5,4.4,5.7,Germany,"Autoshow, Wheelspin",
Audi,2009 Audi R8 LMS,2009,Extreme Track Toys,S2,810,Rare,900000,7.2,8.1,7.7,7.7,9.5,4.4,Germany,"Autoshow, Wheelspin",
Audi,2009 Audi RS 6,2009,Modern Super Saloons,B,598,Epic,42000,7.5,5.5,6.1,6.7,5.8,5.8,Germany,"Autoshow, Wheelspin",
Audi,2010 Audi TT RS Coupé,2010,Modern Sports Cars,B,593,Rare,35000,6.6,5.6,5.8,7.0,4.4,5.8,Germany,"Autoshow, Wheelspin",
Audi,2011 Audi RS 3 Sportback,2011,Super Hot Hatch,B,565,Common,20000,6.0,5.6,5.2,6.5,4.1,5.8,Germany,"Autoshow, Wheelspin",
Audi,2011 Audi RS 5 Coupé,2011,Modern Super Saloons,A,613,Rare,25000,6.8,5.7,5.8,5.7,5.9,5.8,Germany,"Autoshow, Wheelspin",
Audi,2013 Audi R8 Coupé V10 plus 5.2 FSI quattro,2013,Modern Supercars,A,694,Epic,100000,7.3,6.2,7.1,6.6,6.8,5.5,Germany,"Collection Journal, Seasonal",
Audi,2013 Audi RS 4 Avant,2013,Modern Super Saloons,A,607,Rare,30000,7.0,5.7,5.5,5.2,5.2,5.7,Germany,"Autoshow, Wheelspin",
Audi,2013 Audi RS 7 Sportback,2013,Modern Super Saloons,A,619,Epic,55000,7.6,5.3,7.0,8.2,5.6,5.7,Germany,"Autoshow, Wheelspin",
Audi,2015 Audi RS 6 Avant,2015,Modern Super Saloons,A,640,Rare,60000,7.4,5.5,7.5,8.3,5.3,5.6,Germany,"Autoshow, Wheelspin",
Audi,2015 Audi S1,2015,Hot Hatch,B,527,Common,21000,5.6,5.5,5.2,4.4,3.7,5.9,Germany,"Autoshow, Wheelspin",
Audi,2016 Audi R8 V10 plus,2016,Modern Supercars,S1,731,Epic,160000,7.8,6.4,7.7,5.9,7.2,5.7,Germany,"Autoshow, Wheelspin",
Audi,2018 Audi RS 4 Avant,2018,Modern Super Saloons,A,637,Rare,50000,7.2,5.6,7.1,9.4,4.9,5.6,Germany,"Autoshow, Wheelspin",
Audi,2020 Audi R8 V10 performance,2020,Modern Supercars,S1,738,Rare,281000,8.1,6.4,8.0,6.1,6.8,5.7,Germany,"Autoshow, Wheelspin",
Audi,2020 Audi RS 3 Sedan,2020,Modern Super Saloons,A,617,Rare,52000,6.7,5.7,6.4,7.9,4.6,5.9,Germany,"Autoshow, Wheelspin",
Audi,2021 Audi RS 6 Avant,2021,Modern Super Saloons,A,650,Rare,83000,7.2,5.7,7.3,8.9,4.9,5.6,Germany,"Autoshow, Wheelspin",
Audi,2021 Audi RS 7 Sportback,2021,Modern Super Saloons,A,655,Rare,80000,7.4,5.7,7.3,8.9,4.9,5.7,Germany,"Autoshow, Wheelspin",
Audi,2021 Audi RS e-tron GT,2021,Modern Super Saloons,A,677,Epic,95000,6.0,5.1,8.4,9.4,4.2,5.4,Germany,"Autoshow, Wheelspin",
Audi,2023 Audi R8 Coupé V10 GT RWD,2023,Modern Supercars,S1,769,Epic,250000,7.6,6.9,7.4,6.2,7.8,5.6,Germany,Autoshow DLC,Car Pass
Austin-Healey,1965 Austin-Healey 3000 MkIII,1965,Classic Sports Cars,D,352,Common,75000,5.2,3.5,3.5,3.4,2.4,4.9,UK,"Autoshow, Wheelspin",
Autozam,1993 Autozam AZ-1,1993,Eclectic Domestics,D,342,Rare,38000,4.2,4.2,3.0,4.4,3.0,5.2,Japan,"Autoshow, Wheelspin",
BAC,2014 BAC Mono,2014,Track Toys,S1,766,Epic,196000,6.1,7.4,6.3,6.7,8.1,4.5,UK,"Autoshow, Wheelspin",
Bentley,2016 Bentley Bentayga,2016,Sports Utility Heroes,A,612,Epic,250000,7.0,4.7,6.2,7.4,4.0,6.8,UK,"Wheelspin, Seasonal",
Bentley,2021 Bentley Continental GT Convertible,2021,GT Cars,A,649,Rare,170000,7.7,5.3,6.2,9.6,4.3,5.5,UK,"Autoshow, Collection Journal, Wheelspin",
BMW,1957 BMW Isetta 300 Export,1957,Cult Cars,D,100,Common,84000,1.9,3.0,1.2,2.7,2.4,5.1,Germany,"Autoshow, Wheelspin",
BMW,1973 BMW 2002 Turbo,1973,Classic Sports Cars,C,424,Legendary,127000,4.9,4.1,3.8,1.5,2.8,5.8,Germany,"Autoshow, Wheelspin",
BMW,1981 BMW M1,1981,Retro Supercars,B,510,Treasure Car,600000,5.9,4.5,4.4,3.1,3.2,5.1,Germany,Collection Journal,
BMW,1988 BMW M3,1988,Retro Super Saloons,C,474,Rare,250000,5.7,4.5,4.4,4.5,3.1,5.3,Germany,"Autoshow, Wheelspin",
BMW,1988 BMW M5,1988,Retro Super Saloons,C,470,Rare,70000,5.8,4.1,4.3,3.9,3.1,5.4,Germany,"Autoshow, Wheelspin",
BMW,1995 BMW 850CSi,1995,Retro Sports Cars,C,493,Rare,135000,6.7,4.6,4.6,4.1,3.2,5.3,Germany,"Autoshow, Wheelspin",
BMW,1995 BMW M5,1995,Retro Super Saloons,B,516,Rare,48000,6.7,4.7,4.6,4.2,3.6,5.2,Germany,"Autoshow, Wheelspin",
BMW,1997 BMW M3,1997,Retro Super Saloons,B,549,Common,30000,6.5,4.5,4.9,5.2,3.6,5.6,Germany,"Autoshow, Wheelspin",
BMW,2003 BMW M5,2003,Retro Super Saloons,B,580,Common,47000,7.1,5.0,5.0,5.2,3.8,5.5,Germany,"Autoshow, Wheelspin",
BMW,2005 BMW M3,2005,Retro Super Saloons,B,554,Common,35000,6.4,4.7,5.0,5.0,3.8,5.5,Germany,"Autoshow, Wheelspin",
BMW,2008 BMW M3,2008,Modern Super Saloons,A,608,Common,43000,6.8,5.3,5.0,5.3,4.5,5.0,Germany,"Autoshow, Wheelspin",
BMW,2008 BMW Z4 M Coupé,2008,Modern Sports Cars,B,579,Rare,63000,6.4,5.4,5.4,4.9,4.3,5.6,Germany,"Autoshow, Wheelspin",
BMW,2009 BMW M5,2009,Modern Super Saloons,B,595,Rare,54000,7.1,5.3,5.1,4.9,4.4,5.4,Germany,"Autoshow, Wheelspin",
BMW,2010 BMW M3 GTS,2010,Track Toys,A,678,Epic,198000,7.3,6.8,5.5,5.9,5.6,4.8,Germany,"Autoshow, Wheelspin",
BMW,2011 BMW X5 M,2011,Sports Utility Heroes,B,546,Common,24000,6.4,4.3,5.9,6.6,3.7,6.6,Germany,"Autoshow, Wheelspin",
BMW,2012 BMW M5,2012,Modern Super Saloons,A,652,Rare,40000,7.4,5.4,5.3,5.6,4.8,5.1,Germany,"Autoshow, Wheelspin",
BMW,2014 BMW M4 Coupé,2014,Modern Super Saloons,A,679,Rare,55000,7.1,5.6,5.3,5.6,6.5,5.2,Germany,"Autoshow, Wheelspin",
BMW,2015 BMW i8,2015,Modern Sports Cars,A,665,Rare,70000,7.2,5.8,7.7,8.7,4.6,5.3,Germany,"Autoshow, Wheelspin",
BMW,2016 BMW M4 GTS,2016,Track Toys,S1,711,Epic,125000,7.2,6.8,5.7,6.0,7.0,4.6,Germany,"Autoshow, Wheelspin",
BMW,2019 BMW Z4 Roadster,2019,Modern Sports Cars,A,634,Common,38000,6.7,5.3,5.6,6.0,4.4,5.1,Germany,"Autoshow, Collection Journal, Wheelspin",
BMW,2020 BMW M2 Competition Coupé,2020,Modern Super Saloons,A,656,Epic,250000,6.8,5.3,5.3,5.6,5.3,5.1,Germany,"Wheelspin, Seasonal",
BMW,2020 BMW M8 Competition Coupé,2020,GT Cars,A,684,Rare,100000,7.7,5.7,8.6,9.7,6.3,5.7,Germany,"Autoshow, Wheelspin",
BMW,2021 BMW M4 Competition Coupé,2021,Modern Super Saloons,A,666,Rare,64000,7.1,5.4,5.2,5.5,5.2,5.5,Germany,"Autoshow, Wheelspin",
BMW,2021 BMW M4 Competition Coupé Welcome Pack,2021,Modern Super Saloons,S1,800,Legendary,150000,7.7,7.1,6.1,6.6,6.8,4.8,Germany,Autoshow DLC,Welcome Pack
BMW,2022 BMW iX xDrive50,2022,Sports Utility Heroes,B,595,Rare,37000,4.3,4.1,5.2,5.4,3.5,6.1,Germany,"Autoshow, Wheelspin",
BMW,2022 BMW M5 CS,2022,Modern Super Saloons,S1,731,Rare,150000,7.6,6.0,9.5,10,6.7,5.6,Germany,"Autoshow, Wheelspin",
BMW,2023 BMW M2,2023,Modern Super Saloons,A,647,Rare,67000,6.8,5.9,5.6,5.6,5.2,5.0,Germany,"Autoshow, Wheelspin",
BMW,2023 BMW M2 Forza Edition,2023,Track Toys,A,700,Forza Edition,500000,6.9,6.2,5.4,5.7,5.8,4.6,Germany,"Collection Journal, Seasonal",
BMW,2024 BMW X6 M Competition,2024,Sports Utility Heroes,A,672,Epic,140000,7.1,5.3,8.5,9.8,5.0,5.8,Germany,"Autoshow, Wheelspin",
Buick,1987 Buick Regal GNX,1987,Retro Muscle,C,454,Epic,255000,5.7,3.7,3.8,2.5,2.5,5.7,USA,Autoshow,
Cadillac,2013 Cadillac XTS Limousine,2013,Modern Super Saloons,D,381,Rare,44000,5.3,4.5,2.7,1.8,3.0,5.8,USA,"Autoshow, Wheelspin",
Cadillac,2016 Cadillac ATS-V,2016,Modern Muscle,A,601,Common,41000,7.0,5.0,5.2,3.4,4.2,5.6,USA,"Autoshow, Wheelspin",
Cadillac,2016 Cadillac CTS-V Sedan,2016,Modern Muscle,A,648,Common,60000,7.2,4.8,4.9,5.2,4.4,5.0,USA,"Autoshow, Wheelspin",
Cadillac,2022 Cadillac CT4-V Blackwing,2022,Modern Muscle,A,650,Rare,55000,7.0,5.8,5.6,2.7,4.9,5.6,USA,"Autoshow, Wheelspin",
Cadillac,2022 Cadillac CT5-V Blackwing,2022,Modern Muscle,S1,701,Rare,90000,7.4,5.6,5.6,5.4,6.7,5.3,USA,"Autoshow, Wheelspin",
Can-Am,2018 Can-Am Maverick X RS Turbo R,2018,UTV's,B,568,Common,16000,4.1,3.7,6.8,9.6,4.5,9.8,Canada,"Autoshow, Wheelspin",
Casey Currie Motorsports,2019 Casey Currie Motorsports #4402 Ultra 4 'Trophy Jeep',2019,Unlimited Offroad,A,641,Epic,250000,5.2,3.1,5.0,4.6,5.4,9.3,USA,"Wheelspin, Seasonal",
Chevrolet,1953 Chevrolet Corvette,1953,Classic Sports Cars,D,270,Legendary,269000,4.6,3.9,2.3,1.1,2.0,5.8,USA,"Autoshow, Wheelspin",
Chevrolet,1955 Chevrolet 150 Utility Sedan,1955,Rods and Customs,D,221,Common,140000,4.3,3.4,3.0,2.8,2.0,6.0,USA,"Autoshow, Wheelspin",
Chevrolet,1957 Chevrolet Bel Air,1957,Rods and Customs,D,320,Rare,69000,4.8,3.6,2.8,1.6,2.1,6.2,USA,"Autoshow, Wheelspin",
Chevrolet,1960 Chevrolet Corvette,1960,Classic Sports Cars,C,428,Epic,250000,5.4,3.8,3.6,2.8,2.5,5.8,USA,"Wheelspin, Seasonal",
Chevrolet,1964 Chevrolet Impala Super Sport 409,1964,Rods and Customs,C,427,Common,70000,5.5,3.4,3.4,3.0,2.3,5.6,USA,"Autoshow, Wheelspin",
Chevrolet,1967 Chevrolet Corvette Stingray 427,1967,Classic Muscle,B,510,Epic,135000,5.5,4.1,3.9,3.0,3.1,6.0,USA,"Collection Journal, Seasonal",
Chevrolet,1969 Chevrolet Camaro Super Sport Coupe,1969,Classic Muscle,C,471,Rare,75000,5.0,4.0,3.8,2.9,3.1,5.9,USA,"Autoshow, Wheelspin",
Chevrolet,1969 Chevrolet Nova Super Sport 396,1969,Classic Muscle,C,431,Common,40000,5.4,3.6,3.5,2.9,2.4,5.5,USA,"Autoshow, Wheelspin",
Chevrolet,1970 Chevrolet Camaro Z28,1970,Classic Muscle,C,430,Rare,55000,5.1,3.5,3.4,3.3,2.4,5.1,USA,"Autoshow, Wheelspin",
Chevrolet,1970 Chevrolet Chevelle Super Sport 454,1970,Classic Muscle,C,424,Rare,90000,4.7,3.4,3.3,3.2,2.4,5.5,USA,"Autoshow, Wheelspin",
Chevrolet,1970 Chevrolet Corvette ZR-1,1970,Classic Muscle,C,497,Epic,250000,4.9,4.1,3.9,2.9,3.1,5.6,USA,"Autoshow, Wheelspin",
Chevrolet,1970 Chevrolet El Camino Super Sport 454,1970,Utility Heroes,C,430,Rare,36000,5.9,3.4,3.2,3.1,2.4,5.6,USA,"Autoshow, Wheelspin",
Chevrolet,1972 Chevrolet K-10 Custom,1972,Pickups & 4x4's,D,268,Common,49000,3.6,3.0,3.0,2.6,2.7,8.3,USA,"Autoshow, Wheelspin",
Chevrolet,1979 Chevrolet Camaro Z28,1979,Classic Muscle,D,364,Rare,20000,4.5,3.9,3.5,2.9,2.5,5.6,USA,"Autoshow, Wheelspin",
Chevrolet,1988 Chevrolet Monte Carlo Super Sport,1988,Retro Muscle,D,282,Common,30000,5.0,3.8,3.1,2.3,2.0,5.2,USA,"Autoshow, Wheelspin",
Chevrolet,1995 Chevrolet Corvette ZR-1,1995,Retro Muscle,B,576,Common,76000,6.5,4.5,4.8,4.0,3.7,5.1,USA,"Autoshow, Wheelspin",
Chevrolet,1996 Chevrolet Impala Super Sport,1996,Retro Muscle,C,407,Common,30000,5.0,4.0,3.6,2.6,2.7,5.5,USA,"Autoshow, Wheelspin",
Chevrolet,2002 Chevrolet Corvette Z06,2002,Retro Muscle,A,602,Common,33000,7.2,5.2,4.6,4.5,3.9,5.0,USA,"Autoshow, Wheelspin",
Chevrolet,2009 Chevrolet Corvette ZR1,2009,Modern Muscle,S1,712,Rare,125000,7.8,5.7,5.5,4.6,6.6,4.8,USA,"Autoshow, Wheelspin",
Chevrolet,2015 Chevrolet Camaro Z/28,2015,Track Toys,A,695,Rare,65000,6.7,5.9,5.5,5.4,7.2,5.0,USA,"Autoshow, Wheelspin",
Chevrolet,2015 Chevrolet Corvette Z06,2015,Modern Muscle,S1,755,Rare,100000,7.8,6.1,6.0,6.5,7.5,5.0,USA,"Autoshow, Wheelspin",
Chevrolet,2017 Chevrolet Camaro ZL1,2017,Modern Muscle,S1,727,Rare,55000,7.3,6.4,6.1,4.9,5.5,5.2,USA,"Autoshow, Wheelspin",
Chevrolet,2018 Chevrolet Camaro ZL1 1LE,2018,Track Toys,S1,728,Rare,70000,7.0,6.8,5.8,5.2,5.8,4.9,USA,"Autoshow, Wheelspin",
Chevrolet,2019 Chevrolet Corvette ZR1,2019,Track Toys,S1,778,Epic,250000,7.8,6.7,6.5,7.0,7.7,4.6,USA,"Wheelspin, Seasonal",
Chevrolet,2020 Chevrolet Corvette Stingray Coupe,2020,Modern Supercars,A,700,Rare,65000,7.2,6.2,6.9,7.6,5.2,5.4,USA,"Autoshow, Wheelspin",
Chevrolet,2020 Chevrolet Silverado LT Trail Boss,2020,Pickups & 4x4's,C,449,Rare,43000,5.4,2.8,4.9,4.2,3.1,8.6,USA,"Autoshow, Wheelspin",
Chevrolet,2023 Chevrolet Corvette Z06,2023,Track Toys,S1,763,Epic,155000,7.2,6.9,7.4,8.2,7.7,5.0,USA,"Autoshow, Wheelspin",
Chevrolet,2024 Chevrolet Corvette E-Ray,2024,Modern Supercars,S1,737,Epic,114000,7.2,6.9,9.5,9.6,7.3,5.4,USA,"Autoshow, Wheelspin, Loyalty",
Datsun,1969 Datsun 2000 Roadster,1969,Classic Sports Cars,D,323,Common,250000,4.2,4.1,2.8,1.8,2.6,5.7,Japan,Seasonal,
Datsun,1970 Datsun 510,1970,Classic Sports Cars,D,143,Common,86000,3.7,3.4,2.8,2.3,1.9,5.3,Japan,"Autoshow, Wheelspin",
Datsun,1972 Datsun #269 Attacking the Clock Racing 240Z 'All Carbon Hill Climb Beast',1972,Extreme Track Toys,R,951,Epic,185000,6.4,9.1,7.1,7.5,10,4.2,Japan,Autoshow DLC,Car Pass
DeBerti,2013 DeBerti Jeep Wrangler Unlimited,2013,Unlimited Offroad,A,645,Epic,150000,4.7,3.9,6.3,4.8,4.4,9.4,USA,"Autoshow, Wheelspin",
DeBerti,2018 DeBerti Chevrolet Silverado 1500 Drift Truck,2018,Drift Cars,S1,707,Epic,250000,6.7,4.5,4.9,5.1,5.2,4.2,USA,"Autoshow, Wheelspin",
DeBerti,2019 DeBerti Ford Super Duty F-250 Lariat 'Transformer',2019,Unlimited Offroad,B,548,Epic,275000,5.6,3.7,4.9,3.8,3.8,10,USA,"Autoshow, Wheelspin",
DeBerti,2019 DeBerti Toyota Tacoma TRD ‘The Performance Truck’,2019,Drift Cars,S1,717,Common,250000,6.4,5.1,4.9,5.1,6.6,4.9,USA,"Autoshow, Wheelspin",
DeLorean,1982 DeLorean DMC-12,1982,Retro Sports Cars,D,357,Legendary,72000,4.3,4.7,2.8,2.3,3.1,6.2,USA,"Autoshow, Wheelspin",
Dodge,1968 Dodge Dart HEMI Super Stock,1968,Classic Muscle,B,540,Legendary,300000,3.8,3.3,4.1,4.2,2.9,5.1,USA,"Wheelspin, Seasonal",
Dodge,1969 Dodge Charger Daytona HEMI,1969,Classic Muscle,C,479,Epic,541000,5.0,3.5,3.8,3.7,2.8,5.6,USA,"Autoshow, Collection Journal, Wheelspin",
Dodge,1969 Dodge Charger R/T,1969,Classic Muscle,C,417,Treasure Car,224000,5.1,3.5,3.6,3.5,2.4,5.3,USA,Collection Journal,
Dodge,1970 Dodge Challenger R/T,1970,Classic Muscle,C,443,Epic,525000,5.5,3.5,3.4,3.3,2.5,5.2,USA,"Wheelspin, Seasonal",
Dodge,1970 Dodge Coronet Super Bee,1970,Classic Muscle,C,455,Rare,175000,5.8,3.1,3.5,3.4,2.4,5.3,USA,"Autoshow, Wheelspin",
Dodge,1999 Dodge Viper GTS ACR,1999,Retro Muscle,B,598,Legendary,68000,6.9,4.9,5.2,4.1,4.0,5.0,USA,Autoshow,
Dodge,1999 Dodge Viper GTS ACR Forza Edition,1999,Unlimited Offroad,A,700,Forza Edition,500000,8.1,4.2,5.7,6.0,4.7,9.9,USA,Autoshow DLC,VIP
Dodge,2006 Dodge Ram SRT-10,2006,Modern Muscle,B,547,Common,250000,5.9,4.5,4.9,4.2,4.1,6.0,USA,Seasonal,
Dodge,2008 Dodge Viper SRT-10 ACR,2008,Track Toys,S1,735,Rare,115000,7.2,6.8,5.6,4.7,7.1,5.4,USA,"Autoshow, Wheelspin",
Dodge,2015 Dodge Challenger SRT Hellcat,2015,Modern Muscle,A,631,Rare,53000,7.7,4.7,4.5,4.6,4.9,4.8,USA,"Autoshow, Wheelspin",
Dodge,2015 Dodge Charger SRT Hellcat,2015,Modern Muscle,A,637,Rare,44000,7.8,4.8,4.7,4.9,5.0,5.1,USA,"Autoshow, Wheelspin",
Dodge,2016 Dodge Viper ACR,2016,Track Toys,S1,786,Epic,290000,7.1,7.6,6.5,5.6,9.1,4.9,USA,"Wheelspin, Seasonal",
Dodge,2018 Dodge Challenger SRT Demon,2018,Modern Muscle,A,678,Rare,90000,7.8,5.1,4.8,5.0,5.3,5.0,USA,"Autoshow, Collection Journal, Wheelspin",
Dodge,2021 Dodge Durango SRT Hellcat,2021,Sports Utility Heroes,A,628,Epic,73000,7.0,4.4,8.4,7.6,4.3,6.3,USA,"Collection Journal, Seasonal",
Dodge,2022 Dodge Challenger SRT Super Stock,2022,Modern Muscle,A,695,Rare,87000,7.6,5.2,5.2,5.5,4.7,4.7,USA,"Autoshow, Wheelspin",
Ferrari,1962 Ferrari 250 GT Berlinetta Lusso,1962,Rare Classics,C,475,Legendary,1400000,5.5,3.9,4.1,3.0,2.9,5.6,Italy,"Autoshow, Collection Journal",
Ferrari,1962 Ferrari 250 GTO,1962,Classic Racers,C,494,Legendary,48000000,6.4,3.6,3.5,2.5,2.8,5.4,Italy,"Autoshow, Wheelspin",
Ferrari,1967 Ferrari #24 Ferrari Spa 330 P4,1967,Classic Racers,A,684,Legendary,70000000,7.2,4.5,6.3,5.9,4.2,4.9,Italy,"Autoshow, Wheelspin",
Ferrari,1967 Ferrari 275 GTB4 Spider,1967,Rare Classics,C,490,Unknown,,,,,,,,Italy,Autoshow DLC,Italian Passion Car Pack
Ferrari,1969 Ferrari Dino 246 GT,1969,Rare Classics,C,428,Epic,390000,5.2,4.5,3.2,2.0,2.8,5.6,Italy,"Autoshow, Wheelspin",
Ferrari,1970 Ferrari 512 S,1970,Classic Racers,S1,774,Legendary,3600000,7.9,6.5,6.5,6.0,5.6,4.9,Italy,"Autoshow, Wheelspin",
Ferrari,1984 Ferrari 288 GTO,1984,Retro Supercars,A,643,Legendary,2800000,7.4,5.1,5.6,3.1,4.2,5.1,Italy,"Wheelspin, Seasonal",
Ferrari,1987 Ferrari F40,1987,Retro Supercars,A,678,Legendary,2000000,7.3,5.9,6.3,2.6,5.2,5.4,Italy,"Autoshow, Collection Journal",
Ferrari,1989 Ferrari F40 Competizione,1989,Retro Racers,R,948,Legendary,3200000,8.5,9.7,7.3,2.0,10,5.2,Italy,"Autoshow, Wheelspin",
Ferrari,1992 Ferrari 512 TR,1992,Retro Supercars,A,615,Epic,350000,7.2,5.5,4.9,3.8,4.5,5.1,Italy,"Wheelspin, Seasonal",
Ferrari,1994 Ferrari F355 Berlinetta,1994,Retro Supercars,B,588,Epic,250000,6.8,5.5,4.5,3.6,4.3,5.3,Italy,"Wheelspin, Seasonal",
Ferrari,1995 Ferrari F50,1995,Retro Supercars,A,678,Legendary,4500000,7.3,5.8,5.7,5.0,5.5,5.3,Italy,"Autoshow, Wheelspin",
Ferrari,1996 Ferrari F50 GT,1996,Extreme Track Toys,R,949,Legendary,5500000,8.1,9.3,8.1,8.9,10,4.2,Italy,"Collection Journal, Seasonal",
Ferrari,2002 Ferrari Enzo Ferrari,2002,Retro Supercars,S1,755,Legendary,3500000,8.1,6.6,6.4,6.9,7.9,5.2,Italy,Autoshow,
Ferrari,2005 Ferrari FXX,2005,Extreme Track Toys,S2,900,Legendary,2500000,8.7,9.4,8.1,8.9,10,4.9,Italy,"Autoshow, Wheelspin",
Ferrari,2007 Ferrari 430 Scuderia,2007,Modern Supercars,S1,702,Epic,355000,7.6,6.0,6.2,6.4,6.8,4.9,Italy,"Autoshow, Wheelspin",
Ferrari,2009 Ferrari 458 Italia,2009,Modern Supercars,S1,721,Epic,210000,7.9,6.5,6.3,6.8,6.8,4.6,Italy,"Autoshow, Wheelspin",
Ferrari,2010 Ferrari 599XX,2010,Extreme Track Toys,S2,840,Legendary,2000000,8.1,7.8,7.2,7.9,9.1,4.1,Italy,"Autoshow, Wheelspin",
Ferrari,2012 Ferrari 599XX Evolution,2012,Extreme Track Toys,S2,894,Legendary,3200000,8.3,9.1,7.3,7.9,10,4.4,Italy,"Wheelspin, Seasonal",
Ferrari,2013 Ferrari 458 Speciale,2013,Track Toys,S1,768,Epic,500000,7.7,7.0,6.9,7.5,7.6,4.4,Italy,"Autoshow, Wheelspin",
Ferrari,2013 Ferrari LaFerrari,2013,Hypercars,S2,857,Legendary,3000000,9.4,8.0,7.2,7.9,9.1,4.8,Italy,"Autoshow, Wheelspin",
Ferrari,2014 Ferrari FXX K,2014,Extreme Track Toys,R,936,Legendary,4300000,8.4,9.3,8.1,9.0,10,4.3,Italy,"Autoshow, Wheelspin",
Ferrari,2015 Ferrari 488 GTB,2015,Modern Supercars,S1,770,Epic,250000,8.2,7.0,6.8,6.5,7.5,4.9,Italy,"Autoshow, Wheelspin",
Ferrari,2015 Ferrari F12tdf,2015,Super GT,S1,788,Epic,500000,8.8,6.7,6.5,7.0,8.0,5.2,Italy,"Autoshow, Wheelspin",
Ferrari,2017 Ferrari 812 Superfast,2017,Super GT,S1,780,Legendary,395000,7.9,6.6,6.2,6.6,7.4,4.5,Italy,"Autoshow, Wheelspin",
Ferrari,2017 Ferrari J50,2017,Modern Supercars,S1,772,Rare,2500000,8.5,6.7,6.7,7.4,7.2,4.7,Italy,"Autoshow, Wheelspin",
Ferrari,2017 Ferrari J50 Preorder Car,2017,Modern Supercars,S1,800,Legendary,309000,8.2,7.1,7.0,7.6,7.6,4.7,Italy,Autoshow DLC,Preorder Bonus
Ferrari,2018 Ferrari FXX-K Evo,2018,Extreme Track Toys,R,957,Legendary,4500000,8.4,9.5,8.3,9.1,10,4.6,Italy,"Autoshow, Wheelspin",
Ferrari,2018 Ferrari FXX-K Evo Welcome Pack,2018,Extreme Track Toys,R,998,Legendary,250000,8.1,9.4,8.7,9.4,10,4.9,Italy,Autoshow DLC,Welcome Pack
Ferrari,2018 Ferrari Portofino,2018,Super GT,S1,714,Epic,200000,7.8,6.0,6.3,6.8,6.7,5.1,Italy,"Autoshow, Wheelspin",
Ferrari,2019 Ferrari 488 Pista,2019,Track Toys,S2,803,Epic,716000,7.6,7.3,7.0,7.6,8.0,4.6,Italy,"Autoshow, Wheelspin",
Ferrari,2019 Ferrari F8 Tributo,2019,Modern Supercars,S2,802,Legendary,333000,8.4,7.3,7.2,7.9,7.8,4.9,Italy,"Wheelspin, Seasonal",
Ferrari,2019 Ferrari Monza SP2,2019,Super GT,S1,773,Legendary,2500000,8.6,6.6,6.1,6.6,7.1,4.3,Italy,"Autoshow, Wheelspin",
Ferrari,2020 Ferrari Roma,2020,Super GT,S1,735,Epic,250000,7.4,5.8,5.9,6.3,6.9,4.9,Italy,Seasonal,
Ferrari,2020 Ferrari SF90 Stradale,2020,Hypercars,S2,851,Legendary,575000,8.8,7.3,9.8,10,7.7,5.0,Italy,"Autoshow, Wheelspin",
Ferrari,2022 Ferrari 296 GTB,2022,Modern Supercars,S2,811,Epic,380000,8.1,6.9,7.0,7.7,7.7,4.7,Italy,Seasonal,
Ferrari,2025 Ferrari F80,2025,Hypercars,R,920,Unknown,,,,,,,,Italy,Autoshow DLC,Italian Passion Car Pack
Ford,1932 Ford De Luxe Five-Window Coupe,1932,Rods and Customs,D,100,Common,36000,3.2,3.5,1.9,2.8,1.8,5.2,USA,"Autoshow, Wheelspin",
Ford,1965 Ford Mustang GT Coupe,1965,Classic Muscle,D,388,Epic,52000,5.3,3.5,3.3,3.2,2.3,5.6,USA,Autoshow,
Ford,1966 Ford #2 GT40 Mk II,1966,Classic Racers,A,666,Legendary,13200000,7.5,4.5,4.3,3.5,3.8,5.1,USA,"Autoshow, Wheelspin",
Ford,1968 Ford Mustang GT 2+2 Fastback,1968,Classic Muscle,D,394,Legendary,119000,5.7,3.7,3.4,3.3,2.3,5.7,USA,"Autoshow, Wheelspin",
Ford,1968 Ford Mustang GT 2+2 Fastback Forza Edition,1968,Drift Cars,A,700,Forza Edition,500000,7.3,5.2,5.2,3.4,4.3,5.2,USA,"Wheelspin, Seasonal",
Ford,1969 Ford Mustang Boss 302,1969,Classic Muscle,C,468,Rare,75000,5.5,4.2,3.2,2.3,3.0,6.0,USA,"Autoshow, Wheelspin",
Ford,1973 Ford Capri RS3100,1973,Classic Sports Cars,D,394,Rare,69000,4.8,3.9,3.8,3.3,2.5,5.4,USA,"Autoshow, Wheelspin",
Ford,1973 Ford XB Falcon GT,1973,Classic Muscle,C,422,Rare,218000,5.2,3.6,3.3,3.2,2.7,5.2,USA,"Autoshow, Wheelspin",
Ford,1977 Ford #5 Escort RS1800 MkII,1977,Classic Rally,B,544,Epic,185000,4.4,4.3,5.0,5.3,3.8,7.2,USA,"Autoshow, Wheelspin",
Ford,1985 Ford RS200 Evolution,1985,Rally Monsters,S1,710,Epic,420000,5.4,5.4,6.9,2.3,5.0,8.0,USA,Seasonal,
Ford,1986 Ford F-150 XLT Lariat,1986,Pickups & 4x4's,D,263,Common,45000,3.5,3.0,2.6,1.6,3.0,8.3,USA,"Autoshow, Wheelspin",
Ford,1986 Ford F-150 XLT Lariat Forza Edition,1986,Drift Cars,S2,850,Forza Edition,500000,5.2,5.3,7.7,8.7,6.8,6.0,USA,"Wheelspin, Seasonal",
Ford,1987 Ford Sierra Cosworth RS500,1987,Retro Super Saloons,C,484,Barn Find,79000,5.6,4.4,4.3,2.4,3.4,5.3,USA,Collection Journal,
Ford,1992 Ford Escort RS Cosworth,1992,Retro Rally,C,456,Rare,65000,5.2,4.3,4.3,2.8,3.1,5.6,USA,"Autoshow, Wheelspin",
Ford,1993 Ford Mustang SVT Cobra R,1993,Retro Muscle,C,432,Common,84000,5.3,4.0,3.7,2.9,2.9,5.0,USA,"Autoshow, Wheelspin",
Ford,1994 Ford Supervan 3,1994,Track Toys,S1,740,Epic,250000,5.1,7.6,7.6,4.8,8.6,4.9,USA,"Autoshow, Wheelspin",
Ford,1999 Ford Racing Puma,1999,Retro Rally,C,401,Rare,30000,4.9,4.2,3.5,2.7,3.3,5.3,USA,"Autoshow, Wheelspin",
Ford,2000 Ford Mustang SVT Cobra R,2000,Retro Muscle,B,528,Common,153000,6.7,4.5,4.0,4.0,3.4,4.9,USA,"Autoshow, Wheelspin",
Ford,2001 Ford #4 Ford Focus RS,2001,Rally Monsters,A,639,Rare,415000,4.9,5.0,7.1,9.6,4.0,8.3,USA,"Autoshow, Wheelspin",
Ford,2003 Ford F-150 SVT Lightning,2003,Pickups & 4x4's,C,474,Common,250000,5.3,4.1,4.2,3.0,3.4,6.4,USA,Seasonal,
Ford,2003 Ford Focus RS,2003,Retro Hot Hatch,C,484,Common,35000,5.1,4.7,4.1,2.9,3.5,5.0,USA,"Autoshow, Wheelspin",
Ford,2005 Ford GT,2005,Retro Supercars,A,676,Treasure Car,585000,7.7,6.1,4.7,3.3,5.2,5.6,USA,Collection Journal,
Ford,2009 Ford Focus RS,2009,Super Hot Hatch,B,551,Epic,52000,5.6,5.1,4.4,4.4,3.9,5.1,USA,Autoshow,
Ford,2010 Ford Crown Victoria Police Interceptor,2010,Retro Muscle,D,354,Common,15000,5.2,3.8,3.1,1.9,2.5,5.9,USA,"Autoshow, Wheelspin",
Ford,2011 Ford Transit SuperSportVan,2011,Utility Heroes,D,235,Rare,42000,4.5,3.7,2.7,3.1,2.3,5.7,USA,"Autoshow, Wheelspin",
Ford,2013 Ford Mustang Shelby GT500,2013,Modern Muscle,A,647,Rare,60000,7.4,4.7,4.7,4.6,4.3,5.3,USA,"Autoshow, Wheelspin",
Ford,2014 Ford #11 Rockstar F-150 Trophy Truck,2014,Unlimited Offroad,A,613,Epic,450000,5.5,3.3,4.6,4.5,4.8,9.1,USA,"Autoshow, Wheelspin",
Ford,2014 Ford FPV Limited Edition Pursuit Ute,2014,Utility Heroes,B,563,Common,40000,6.3,4.6,4.7,4.9,3.7,5.4,USA,"Autoshow, Wheelspin",
Ford,2014 Ford Ranger T6 Rally Raid,2014,Offroad,B,530,Epic,350000,4.8,4.6,5.4,7.8,4.0,8.6,USA,"Wheelspin, Seasonal",
Ford,2016 Ford Mustang Shelby GT350R,2016,Track Toys,S1,721,Rare,88000,7.2,6.2,6.1,6.2,6.0,5.7,USA,"Autoshow, Wheelspin",
Ford,2017 Ford #14 Rahal Letterman Lanigan Racing Fiesta,2017,Rally Monsters,S1,772,Epic,150000,5.0,5.4,9.2,10,5.8,7.9,USA,"Autoshow, Collection Journal",
Ford,2017 Ford #25 'Brocky' Ultra4 Bronco RTR,2017,Unlimited Offroad,A,644,Epic,75000,4.7,4.1,6.1,5.2,5.2,10,USA,"Autoshow, Collection Journal",
Ford,2017 Ford Focus RS,2017,Super Hot Hatch,B,588,Epic,37000,6.2,5.6,5.8,3.7,4.2,5.9,USA,"Autoshow, Collection Journal",
Ford,2017 Ford GT,2017,Modern Supercars,S1,757,Epic,500000,8.3,6.3,6.6,3.6,8.3,4.9,USA,"Autoshow, Wheelspin",
Ford,2017 Ford M-Sport Fiesta RS,2017,Rally Monsters,S1,707,Epic,250000,4.9,5.7,8.7,8.4,5.9,8.6,USA,"Wheelspin, Seasonal",
Ford,2018 Ford Mustang RTR Spec 5,2018,Modern Muscle,A,648,Rare,35000,6.5,5.6,5.1,5.4,4.8,5.1,USA,"Autoshow, Wheelspin",
Ford,2020 Ford #2069 Ford Performance Bronco R,2020,Offroad,C,441,Epic,450000,4.2,4.0,3.2,5.2,4.8,10,USA,"Autoshow, Wheelspin",
Ford,2020 Ford Mustang Shelby GT500,2020,Modern Muscle,S1,734,Rare,125000,7.7,6.0,5.8,6.1,5.5,5.2,USA,"Autoshow, Wheelspin",
Ford,2020 Ford Super Duty F-450 DRW PLATINUM,2020,Pickups & 4x4's,D,379,Common,65000,4.6,2.8,4.3,7.3,2.7,8.4,USA,"Autoshow, Wheelspin",
Ford,2020 Ford Super Duty F-450 DRW PLATINUM Forza Edition,2020,Pickups & 4x4's,A,700,Forza Edition,500000,7.6,3.8,8.7,9.8,4.9,9.7,USA,"Wheelspin, Seasonal",
Ford,2022 Ford Bronco Raptor,2022,Pickups & 4x4's,C,473,Epic,50000,5.1,3.4,4.8,5.3,3.3,9.4,USA,"Autoshow, Wheelspin",
Ford,2022 Ford F-150 Lightning,2022,Pickups & 4x4's,C,500,Epic,250000,3.8,2.6,5.1,5.4,2.9,8.3,USA,"Wheelspin, Seasonal",
Ford,2022 Ford Focus ST,2022,Hot Hatch,B,594,Common,34000,6.0,5.2,4.5,4.7,4.2,5.3,USA,"Autoshow, Wheelspin",
Ford,2022 Ford Supervan 4,2022,Extreme Track Toys,R,919,Epic,2000000,7.9,7.5,10,10,8.6,4.3,USA,"Collection Journal, Seasonal",
Ford,2023 Ford F-150 Raptor R,2023,Pickups & 4x4's,B,536,Epic,110000,6.2,2.8,6.8,5.8,3.2,8.7,USA,"Autoshow, Wheelspin",
Ford,2023 Ford F-150 Raptor R Welcome Pack,2023,Pickups & 4x4's,B,600,Legendary,50000,6.2,3.4,7.3,6.8,4.3,9.7,USA,Autoshow DLC,Welcome Pack
Ford,2023 Ford Fiesta ST,2023,Hot Hatch,C,500,Common,26000,5.2,4.9,4.2,4.3,3.7,5.2,USA,"Autoshow, Wheelspin",
Ford,2024 Ford Mustang Dark Horse,2024,Modern Muscle,A,669,Epic,59000,7.0,5.8,5.6,4.9,5.0,5.3,USA,"Autoshow, Collection Journal",
Ford,2024 Ford Mustang GT,2024,Modern Muscle,A,628,Epic,45000,6.7,5.1,5.2,5.2,4.4,5.4,USA,"Autoshow, Wheelspin",
Formula Drift,1989 Formula Drift #98 BMW 325i,1989,Drift Cars,S1,726,Epic,150000,6.9,4.7,5.0,5.2,4.2,4.4,USA,"Autoshow, Wheelspin",
Formula Drift,1995 Formula Drift #34 Toyota Supra MkIV,1995,Drift Cars,S1,759,Epic,150000,7.7,5.3,5.2,3.7,5.6,4.5,USA,"Autoshow, Wheelspin",
Formula Drift,1997 Formula Drift #777 Nissan 240SX,1997,Drift Cars,S1,748,Epic,150000,6.7,4.9,5.2,5.5,4.4,4.3,USA,"Autoshow, Collection Journal",
Formula Drift,2006 Formula Drift #43 Dodge Viper SRT-10 ACR,2006,Drift Cars,S1,748,Epic,250000,7.3,5.1,5.3,5.6,4.9,4.0,USA,"Wheelspin, Seasonal",
Formula Drift,2007 Formula Drift #117 599 GTB Fiorano,2007,Drift Cars,S1,767,Epic,525000,6.8,5.0,5.7,6.1,4.7,4.6,USA,"Autoshow, Collection Journal",
Formula Drift,2009 Formula Drift #99 Mazda RX-8,2009,Drift Cars,S1,737,Epic,150000,6.7,5.0,4.7,3.2,4.5,4.3,USA,"Autoshow, Collection Journal",
Formula Drift,2013 Formula Drift #777 Chevrolet Corvette,2013,Drift Cars,S1,760,Epic,275000,6.4,5.1,5.1,5.4,4.8,4.0,USA,"Autoshow, Wheelspin",
Formula Drift,2015 Formula Drift #13 Ford Mustang,2015,Drift Cars,S1,739,Epic,250000,5.8,5.0,5.1,5.4,4.7,4.4,USA,"Wheelspin, Seasonal",
Formula Drift,2016 Formula Drift #530 HSV Maloo GEN-F,2016,Drift Cars,S1,710,Epic,150000,7.6,5.0,4.6,4.8,4.3,4.4,USA,"Autoshow, Wheelspin",
Formula Drift,2019 Formula Drift #411 Toyota Corolla Hatchback,2019,Drift Cars,S1,754,Epic,150000,6.7,4.9,5.0,5.2,5.5,4.4,USA,"Autoshow, Wheelspin",
Formula Drift,2020 Formula Drift #151 Toyota GR Supra,2020,Drift Cars,S1,779,Epic,185000,6.2,5.0,5.5,3.6,5.6,4.3,USA,"Autoshow, Wheelspin",
Formula Drift,2020 Formula Drift #91 BMW M2,2020,Drift Cars,S1,748,Epic,150000,6.7,4.9,5.2,5.6,5.0,4.2,USA,"Autoshow, Wheelspin",
Formula Drift,2023 Formula Drift #64 Forsberg Racing Nissan Z,2023,Drift Cars,S1,783,Epic,200000,7.1,5.3,5.4,5.7,5.5,4.3,USA,"Autoshow, Wheelspin",
Funco Motorsports,2018 Funco Motorsports F9,2018,Unlimited Buggies,S1,752,Epic,300000,5.2,2.9,7.6,8.5,5.1,8.9,USA,"Collection Journal, Seasonal",
GMC,1970 GMC Jimmy,1970,Pickups & 4x4's,C,416,Common,60000,4.4,3.2,4.5,3.6,3.1,9.3,USA,Autoshow,
GMC,1991 GMC Syclone,1991,Pickups & 4x4's,C,446,Epic,46000,5.3,4.3,5.4,2.6,2.6,5.7,USA,"Autoshow, Wheelspin",
GMC,1992 GMC Typhoon,1992,Sports Utility Heroes,C,435,Epic,38000,5.2,4.4,5.1,2.5,2.6,5.7,USA,"Autoshow, Wheelspin",
GMC,2022 GMC HUMMER EV Pickup,2022,Pickups & 4x4's,A,610,Epic,95000,3.7,2.9,5.2,5.6,3.5,8.2,USA,"Autoshow, Wheelspin",
Gordon Murray Automotive,2020 Gordon Murray Automotive T.50,2020,Hypercars,S2,871,Legendary,3050000,8.1,8.1,7.7,8.4,10,5.1,UK,"Autoshow, Collection Journal",
GR,2025 GR GT Prototype,2025,Super GT,S1,771,Legendary,250000,7.9,6.4,6.8,7.4,7.4,5.0,Japan,"Autoshow, Wheelspin",
Hennessey,2012 Hennessey Venom GT,2012,Hypercars,S2,845,Legendary,1400000,9.8,6.7,6.8,7.4,7.7,4.7,USA,"Wheelspin, Seasonal",
Hennessey,2019 Hennessey Ford F-150 VelociRaptor 6X6,2019,Pickups & 4x4's,B,520,Legendary,375000,5.2,3.7,5.5,2.8,4.5,10,USA,"Autoshow, Wheelspin",
Hennessey,2021 Hennessey Venom F5,2021,Hypercars,S2,870,Legendary,2050000,10,8.0,6.5,7.0,8.2,4.6,USA,"Autoshow, Wheelspin",
Holden,1977 Holden Torana A9X,1977,Classic Muscle,C,413,Rare,500000,4.9,3.7,3.4,2.8,2.7,5.4,Australia,"Autoshow, Wheelspin",
Honda,1970 Honda S800,1970,Cult Cars,D,134,Common,40000,3.5,3.5,3.2,2.5,2.4,5.2,Japan,"Autoshow, Wheelspin",
Honda,1974 Honda Civic RS,1974,Retro Hot Hatch,D,254,Common,14000,3.9,3.9,3.3,3.0,2.4,5.3,Japan,"Collection Journal, Seasonal",
Honda,1984 Honda City E II,1984,Eclectic Domestics,D,203,Epic,7500,3.0,4.0,3.3,3.2,3.6,5.4,Japan,"Autoshow, Collection Journal, Wheelspin",
Honda,1984 Honda Civic CRX Mugen,1984,Retro Sports Cars,D,390,Epic,50000,4.8,4.3,3.0,1.8,2.6,4.9,Japan,"Collection Journal, Seasonal",
Honda,1986 Honda Civic Si,1986,Retro Hot Hatch,D,253,Epic,10000,4.0,4.1,3.0,2.2,2.3,5.4,Japan,Autoshow,
Honda,1990 Honda #19 101 Motorsport CRX WTAC,1990,Extreme Track Toys,S2,877,Epic,150000,5.4,8.9,6.1,6.3,10,4.6,Japan,Autoshow DLC,Time Attack Car Pack
Honda,1991 Honda Beat,1991,Eclectic Domestics,D,283,Rare,15000,3.8,4.2,2.2,2.7,3.0,5.3,Japan,"Autoshow, Collection Journal, Wheelspin",
Honda,1991 Honda CR-X SiR,1991,Retro Hot Hatch,C,465,Common,250000,5.7,4.6,4.0,3.2,2.9,5.5,Japan,Seasonal,
Honda,1992 Honda #21 Hardrace/JDMYard Civic WTAC,1992,Extreme Track Toys,R,913,Epic,150000,6.5,8.6,6.0,5.3,10,4.1,Japan,Autoshow DLC,Time Attack Car Pack
Honda,1992 Honda NSX-R,1992,Retro Sports Cars,B,572,Epic,450000,6.2,5.4,4.9,3.8,4.3,5.1,Japan,"Autoshow, Wheelspin",
Honda,1994 Honda Acty,1994,Eclectic Domestics,D,100,Common,9000,2.4,4.5,1.6,3.7,2.8,5.7,Japan,"Autoshow, Collection Journal, Wheelspin",
Honda,1994 Honda Prelude Si,1994,Retro Hot Hatch,C,410,Common,15000,5.0,4.4,3.7,3.1,3.1,5.7,Japan,"Autoshow, Collection Journal, Wheelspin",
Honda,1997 Honda Civic Type R,1997,Retro Hot Hatch,C,430,Common,30000,5.5,4.3,3.7,3.0,3.0,5.1,Japan,"Autoshow, Wheelspin",
Honda,2001 Honda #33 Integra WTAC,2001,Extreme Track Toys,S2,860,Epic,150000,5.9,8.8,6.1,6.4,10,4.5,Japan,Autoshow DLC,Time Attack Car Pack
Honda,2003 Honda S2000,2003,Modern Sports Cars,B,503,Common,55000,6.0,4.9,4.2,3.7,3.3,5.3,Japan,"Autoshow, Wheelspin",
Honda,2004 Honda #52 Evasive Motorsports S2000 WTAC,2004,Extreme Track Toys,S2,888,Epic,320000,6.3,9.5,7.2,3.4,10,4.3,Japan,Autoshow DLC,Time Attack Car Pack
Honda,2004 Honda Civic Type R,2004,Retro Hot Hatch,C,480,Common,15000,5.4,4.5,4.1,3.7,3.5,5.5,Japan,"Autoshow, Wheelspin",
Honda,2005 Honda NSX-R,2005,Retro Sports Cars,B,570,Epic,325000,6.4,5.1,5.0,3.8,4.7,5.5,Japan,"Autoshow, Collection Journal",
Honda,2005 Honda NSX-R GT,2005,Retro Sports Cars,A,608,Barn Find,600000,6.4,6.0,5.6,4.4,5.5,5.0,Japan,Collection Journal,
Honda,2007 Honda Civic Type R,2007,Hot Hatch,C,454,Common,17000,5.3,5.0,4.0,3.2,3.7,5.5,Japan,"Autoshow, Wheelspin",
Honda,2008 Honda Civic Type R (FD2),2008,Retro Super Saloons,B,514,Rare,20000,5.7,4.6,4.2,4.3,3.7,5.3,Japan,Autoshow DLC,Car Pass
Honda,2015 Honda Civic Type R,2015,Super Hot Hatch,B,585,Common,30000,6.5,5.5,4.7,4.8,4.3,5.1,Japan,"Autoshow, Wheelspin",
Honda,2015 Honda Ridgeline Baja Trophy Truck,2015,Unlimited Offroad,B,580,Epic,400000,5.2,3.5,5.0,3.6,4.8,9.2,Japan,"Autoshow, Wheelspin",
Honda,2018 Honda Civic Type R,2018,Super Hot Hatch,A,608,Rare,35000,6.7,5.5,4.6,4.8,4.6,5.0,Japan,"Autoshow, Wheelspin",
Honda,2022 Honda e,2022,Hot Hatch,D,398,Common,30000,3.2,4.6,2.7,3.2,3.3,5.7,Japan,"Autoshow, Wheelspin",
Honda,2023 Honda Civic Type R,2023,Super Hot Hatch,A,620,Rare,43000,6.9,5.4,4.7,4.9,4.7,5.3,Japan,"Autoshow, Collection Journal, Wheelspin",
HSV,2014 HSV GEN-F GTS,2014,Modern Muscle,A,601,Rare,81000,7.0,5.0,4.8,4.0,4.5,5.2,Australia,"Autoshow, Wheelspin",
HSV,2014 HSV Limited Edition GEN-F GTS Maloo,2014,Utility Heroes,A,629,Common,65000,6.5,5.0,4.8,4.6,4.8,4.8,Australia,"Autoshow, Wheelspin",
Hyundai,2019 Hyundai Veloster N,2019,Super Hot Hatch,B,532,Epic,20000,6.0,4.9,4.5,4.7,3.7,5.5,Korea,"Autoshow, Wheelspin",
Hyundai,2020 Hyundai i30 N,2020,Super Hot Hatch,B,553,Rare,32000,5.3,5.1,4.6,4.8,4.3,5.3,Korea,"Autoshow, Wheelspin",
Hyundai,2021 Hyundai i20 N,2021,Hot Hatch,B,564,Rare,48000,5.5,5.1,4.6,4.8,4.4,5.5,Korea,"Autoshow, Wheelspin",
Hyundai,2022 Hyundai N Vision 74,2022,Track Toys,A,692,Rare,325000,5.4,5.6,4.8,5.0,4.8,4.8,Korea,"Autoshow, Wheelspin",
Hyundai,2023 Hyundai IONIQ 5 N,2023,Sports Utility Heroes,A,657,Rare,22000,5.8,4.4,5.6,5.9,4.0,6.0,Korea,"Autoshow, Wheelspin",
Jaguar,1956 Jaguar D-Type,1956,Classic Racers,B,506,Legendary,4300000,5.6,3.5,3.8,2.6,2.8,4.7,UK,"Autoshow, Wheelspin",
Jaguar,1961 Jaguar E-type,1961,Rare Classics,C,414,Epic,250000,5.2,3.8,4.0,2.8,2.7,5.5,UK,"Wheelspin, Seasonal",
Jaguar,1964 Jaguar Lightweight E-Type,1964,Classic Racers,B,568,Legendary,7900000,6.3,3.9,4.7,4.4,3.4,5.0,UK,"Autoshow, Wheelspin",
Jaguar,1991 Jaguar Sport XJR-15,1991,Retro Supercars,S1,716,Legendary,950000,7.5,6.9,6.0,6.3,6.4,5.2,UK,"Autoshow, Collection Journal",
Jaguar,1993 Jaguar XJ220,1993,Retro Supercars,A,676,Legendary,570000,7.7,5.7,5.2,2.2,5.2,5.4,UK,"Autoshow, Wheelspin",
Jaguar,1993 Jaguar XJ220S TWR,1993,Retro Supercars,S1,750,Rare,540000,8.2,6.1,5.4,2.5,5.9,5.2,UK,"Autoshow, Wheelspin",
Jaguar,2010 Jaguar C-X75,2010,Modern Supercars,S2,810,Legendary,3200000,8.1,6.9,9.4,10,7.8,4.7,UK,"Autoshow, Wheelspin",
Jeep,2012 Jeep Wrangler Rubicon,2012,Pickups & 4x4's,D,350,Common,16000,4.6,2.7,4.0,3.2,2.4,8.3,USA,"Autoshow, Wheelspin",
Jeep,2016 Jeep Trailcat,2016,Unlimited Offroad,A,635,Rare,70000,6.2,3.8,5.5,4.1,4.0,10,USA,"Autoshow, Wheelspin",
Jeep,2018 Jeep Grand Cherokee Trackhawk,2018,Sports Utility Heroes,A,631,Common,72000,6.9,4.4,8.5,7.4,4.9,6.1,USA,"Autoshow, Wheelspin",
Jeep,2020 Jeep JT,2020,Pickups & 4x4's,D,336,Common,36000,4.8,2.7,3.6,3.2,2.5,8.7,USA,"Autoshow, Wheelspin",
Jimco,2019 Jimco #240 Fastball Racing Class 6100 Spec Trophy Truck,2019,Unlimited Offroad,B,511,Epic,350000,4.5,2.9,3.8,2.9,5.2,9.3,USA,"Autoshow, Wheelspin",
Jimco,2020 Jimco #179 Hammerhead Class 1,2020,Unlimited Buggies,A,652,Rare,95000,5.7,2.4,6.3,6.3,4.5,8.8,USA,"Autoshow, Wheelspin",
Koenigsegg,2008 Koenigsegg CCGT,2008,Extreme Track Toys,S2,900,Legendary,3400000,7.9,9.5,6.8,7.3,10,4.4,Sweden,"Autoshow, Wheelspin",
Koenigsegg,2011 Koenigsegg Agera,2011,Hypercars,S2,810,Legendary,1950000,9.8,6.5,6.1,6.5,7.4,4.9,Sweden,"Autoshow, Wheelspin",
Koenigsegg,2015 Koenigsegg One:1,2015,Hypercars,S2,890,Legendary,3750000,10,8.0,6.6,7.1,9.5,4.9,Sweden,"Wheelspin, Seasonal",
Koenigsegg,2016 Koenigsegg Regera,2016,Hypercars,S2,886,Legendary,2550000,9.1,7.1,5.0,5.2,8.8,4.9,Sweden,Autoshow,
Koenigsegg,2017 Koenigsegg Agera RS,2017,Hypercars,S2,890,Legendary,2900000,10,8.1,6.6,7.1,9.2,4.8,Sweden,"Autoshow, Collection Journal",
Koenigsegg,2020 Koenigsegg Jesko,2020,Hypercars,S2,899,Legendary,3500000,10,9.1,6.5,7.0,8.9,5.0,Sweden,"Autoshow, Wheelspin",
Koenigsegg,2024 Koenigsegg Gemera,2024,Hypercars,S2,900,Epic,,10,7.2,9.7,10,7.6,5.1,Sweden,Autoshow DLC,Car Pass
KTM,2018 KTM X-Bow GT4,2018,Extreme Track Toys,S1,749,Epic,90000,5.4,8.1,5.4,2.8,10,5.0,Austria,"Autoshow, Wheelspin",
Lamborghini,1967 Lamborghini Miura P400,1967,Rare Classics,B,505,Legendary,1700000,5.9,4.6,3.8,2.7,3.1,5.4,Italy,"Autoshow, Wheelspin",
Lamborghini,1988 Lamborghini Countach LP5000 QV,1988,Retro Supercars,A,622,Epic,600000,6.8,5.6,4.7,3.6,4.3,5.3,Italy,Seasonal,
Lamborghini,1997 Lamborghini Diablo SV,1997,Retro Supercars,A,649,Barn Find,375000,7.7,5.5,5.2,4.2,4.9,5.1,Italy,Collection Journal,
Lamborghini,1999 Lamborghini Diablo GTR,1999,Extreme Track Toys,S2,823,Epic,680000,8.0,8.1,7.3,6.4,7.9,4.6,Italy,"Wheelspin, Seasonal",
Lamborghini,2010 Lamborghini Murciélago LP 670-4 SV,2010,Modern Supercars,S1,707,Epic,1000000,7.8,6.3,5.2,4.5,6.8,5.6,Italy,"Autoshow, Wheelspin",
Lamborghini,2011 Lamborghini Sesto Elemento,2011,Extreme Track Toys,S2,871,Legendary,2500000,7.8,9.7,10,8.9,10,5.7,Italy,"Wheelspin, Seasonal",
Lamborghini,2012 Lamborghini Aventador LP700-4,2012,Hypercars,S1,753,Epic,345000,8.9,6.3,8.2,7.4,7.3,5.6,Italy,"Wheelspin, Seasonal",
Lamborghini,2012 Lamborghini Gallardo LP570-4 Spyder Performante,2012,Modern Supercars,A,685,Epic,210000,7.1,6.0,6.6,5.0,6.6,5.7,Italy,"Autoshow, Wheelspin",
Lamborghini,2013 Lamborghini Veneno,2013,Hypercars,S2,834,Legendary,3950000,8.2,8.5,8.9,8.1,9.7,5.1,Italy,"Autoshow, Wheelspin",
Lamborghini,2014 Lamborghini Huracán LP 610-4,2014,Modern Supercars,S1,738,Epic,200000,7.8,6.5,7.8,7.4,7.0,5.4,Italy,"Autoshow, Wheelspin, Loyalty",
Lamborghini,2016 Lamborghini Centenario LP 770-4,2016,Hypercars,S1,792,Legendary,1750000,8.3,7.7,8.7,8.0,8.6,5.2,Italy,"Autoshow, Wheelspin, Loyalty",
Lamborghini,2018 Lamborghini Aventador SVJ,2018,Hypercars,S1,794,Legendary,1200000,8.1,7.5,8.3,7.6,7.9,5.2,Italy,"Autoshow, Wheelspin",
Lamborghini,2019 Lamborghini Urus,2019,Sports Utility Heroes,A,659,Rare,200000,7.1,5.1,6.1,5.1,6.2,6.6,Italy,"Autoshow, Collection Journal",
Lamborghini,2020 Lamborghini Essenza SCV12,2020,Extreme Track Toys,R,911,Legendary,1500000,8.1,9.7,7.0,7.4,10,5.2,Italy,"Autoshow, Wheelspin",
Lamborghini,2020 Lamborghini Huracán EVO,2020,Modern Supercars,S1,761,Epic,250000,7.3,6.9,9.3,10,7.2,5.1,Italy,Seasonal,
Lamborghini,2020 Lamborghini Huracán STO,2020,Track Toys,S1,783,Legendary,325000,7.2,7.9,7.1,7.8,8.7,5.0,Italy,"Autoshow, Wheelspin",
Lamborghini,2020 Lamborghini Sián Roadster,2020,Hypercars,S1,797,Legendary,2500000,8.8,7.3,8.3,8.1,8.0,5.1,Italy,"Autoshow, Wheelspin",
Lamborghini,2021 Lamborghini Countach LPI 800-4,2021,Hypercars,S1,773,Legendary,2100000,7.8,7.0,9.1,8.4,7.4,5.2,Italy,"Autoshow, Wheelspin",
Lamborghini,2022 Lamborghini Aventador LP 780-4 Ultimae,2022,Hypercars,S1,794,Legendary,800000,7.3,7.1,9.9,9.5,7.8,5.0,Italy,Seasonal,
Lamborghini,2022 Lamborghini Huracán Sterrato,2022,Rally Monsters,S1,738,Legendary,325000,7.6,5.7,9.1,7.5,6.2,7.9,Italy,"Collection Journal, Seasonal",
Lamborghini,2022 Lamborghini Huracán Tecnica,2022,Modern Supercars,S1,747,Legendary,365000,7.3,6.8,6.6,7.2,7.4,4.8,Italy,"Autoshow, Wheelspin",
Lamborghini,2024 Lamborghini Revuelto,2024,Hypercars,S2,829,Legendary,365000,8.6,7.2,9.9,10,7.7,4.9,Italy,"Autoshow, Collection Journal",
Lancia,1974 Lancia Stratos HF Stradale,1974,Classic Rally,C,483,Treasure Car,680000,5.3,4.5,4.8,4.3,3.1,6.0,Italy,Collection Journal,
Lancia,1986 Lancia Delta S4,1986,Retro Rally,B,564,Rare,55000,5.0,4.9,5.5,5.5,3.7,7.6,Italy,"Autoshow, Wheelspin",
Lancia,1992 Lancia Delta HF Integrale EVO,1992,Retro Rally,C,489,Common,110000,4.9,4.6,4.5,2.3,3.6,6.0,Italy,"Autoshow, Wheelspin",
Land Rover,2015 Land Rover Range Rover Sport SVR,2015,Sports Utility Heroes,A,604,Rare,48000,6.5,3.6,6.0,6.2,4.1,7.5,UK,"Autoshow, Collection Journal",
Land Rover,2020 Land Rover Defender 110 X,2020,Sports Utility Heroes,C,427,Common,250000,5.4,2.6,4.7,6.0,2.9,7.7,UK,Autoshow,
Lexus,2010 Lexus LFA,2010,Modern Supercars,A,699,Epic,875000,7.4,6.0,5.8,6.0,7.0,5.0,Japan,Autoshow,
Lexus,2010 Lexus LFA Forza Edition,2010,Extreme Track Toys,S2,900,Forza Edition,1250000,8.2,9.6,7.4,8.0,10,4.4,Japan,"Collection Journal, Seasonal",
Lexus,2015 Lexus RC F,2015,Modern Super Saloons,A,623,Rare,35000,6.7,5.3,5.0,5.2,5.2,5.3,Japan,"Autoshow, Wheelspin",
Lexus,2021 Lexus LC 500,2021,GT Cars,B,592,Rare,79000,7.0,5.3,4.8,5.0,4.4,5.2,Japan,"Autoshow, Wheelspin",
Lincoln,1962 Lincoln Continental,1962,Rods and Customs,D,267,Barn Find,65000,5.3,3.6,2.6,1.7,1.9,6.0,USA,Collection Journal,
Lotus,1997 Lotus Elise GT1,1997,Retro Supercars,S1,709,Legendary,1500000,6.8,7.2,6.5,3.2,7.0,5.2,UK,"Autoshow, Wheelspin",
Lotus,1999 Lotus Elise Series 1 Sport 190,1999,Retro Sports Cars,B,589,Common,47000,5.3,5.4,5.8,4.8,5.1,5.2,UK,"Autoshow, Wheelspin",
Lotus,2018 Lotus Exige Cup 430,2018,Track Toys,S1,732,Epic,250000,6.7,7.3,7.7,8.5,6.8,4.8,UK,Seasonal,
Lotus,2018 Lotus Scura Motorsports Exige WTAC,2018,Extreme Track Toys,R,998,Legendary,400000,6.6,9.2,7.7,5.5,10,4.3,UK,"Collection Journal, Seasonal",
Lotus,2020 Lotus Evija,2020,Hypercars,R,937,Legendary,2450000,7.6,7.2,6.8,7.5,10,4.5,UK,"Autoshow, Wheelspin",
Lotus,2020 Lotus Evija Forza Edition,2020,Drift Cars,S2,900,Forza Edition,500000,7.9,6.1,5.6,6.0,7.9,4.2,UK,Autoshow DLC,VIP
Lotus,2023 Lotus Emira,2023,Modern Sports Cars,A,656,Rare,250000,6.4,6.7,6.3,5.1,5.6,5.2,UK,Seasonal,
Lucid,2024 Lucid Air Sapphire,2024,Modern Super Saloons,S2,820,Rare,240000,7.2,5.4,9.1,10,6.2,4.9,USA,"Autoshow, Wheelspin",
Maserati,1997 Maserati Ghibli Cup,1997,Retro Sports Cars,B,591,Rare,102000,6.5,5.0,5.0,4.2,4.3,4.9,Italy,"Autoshow, Collection Journal",
Maserati,2004 Maserati MC12,2004,Retro Supercars,S1,751,Epic,3750000,8.4,6.5,6.6,7.2,6.6,5.2,Italy,Seasonal,
Maserati,2008 Maserati MC12 Versione Corsa,2008,Extreme Track Toys,R,912,Legendary,3100000,7.8,9.5,8.0,8.8,10,4.5,Italy,"Autoshow, Wheelspin",
Maserati,2022 Maserati MC20,2022,Modern Supercars,S1,753,Epic,220000,7.9,6.5,6.6,7.2,7.0,4.8,Italy,"Autoshow, Wheelspin",
Mazda,1972 Mazda Cosmo 110S Series II,1972,Classic Sports Cars,D,394,Epic,250000,5.0,3.9,4.0,2.9,2.8,5.6,Japan,Seasonal,
Mazda,1973 Mazda RX-3,1973,Classic Sports Cars,D,328,Common,73000,4.3,4.1,3.5,3.3,2.5,5.7,Japan,"Autoshow, Wheelspin",
Mazda,1973 Mazda RX-3 Forza Edition,1973,Classic Sports Cars,B,600,Forza Edition,500000,5.9,4.9,4.8,5.0,4.2,4.9,Japan,Aftermarket,
Mazda,1974 Mazda #123 Mad Mike 808 Wagon 'FURSTY',1974,Drift Cars,S1,702,Legendary,100000,7.2,5.0,4.7,4.9,5.1,4.5,Japan,Autoshow DLC,Car Pass
Mazda,1985 Mazda RX-7 GSL-SE,1985,Retro Sports Cars,D,357,Treasure Car,30000,4.8,4.4,3.4,3.7,2.8,5.4,Japan,Collection Journal,
Mazda,1990 Mazda Savanna RX-7,1990,Retro Sports Cars,C,451,Epic,23000,5.7,4.5,4.3,3.3,3.1,5.4,Japan,"Autoshow, Wheelspin",
Mazda,1991 Mazda #55 Mazda 787B,1991,Retro Racers,R,988,Barn Find,1220000,8.0,9.6,7.9,8.6,10,4.7,Japan,Collection Journal,
Mazda,1992 Mazda RX-7 Type R,1992,Retro Sports Cars,B,548,Rare,40000,6.6,4.8,4.8,4.1,3.4,5.2,Japan,"Autoshow, Collection Journal",
Mazda,1994 Mazda MX-5 Miata,1994,Retro Sports Cars,D,329,Common,15000,4.5,4.2,3.4,2.3,2.5,5.2,Japan,"Autoshow, Wheelspin",
Mazda,1994 Mazda MX-5 Miata Forza Edition,1994,Retro Sports Cars,S2,850,Forza Edition,500000,9.4,6.9,10,4.8,6.7,4.4,Japan,Aftermarket,
Mazda,2005 Mazda Mazdaspeed MX-5,2005,Retro Sports Cars,C,469,Common,21000,5.1,4.9,3.4,3.8,3.5,5.1,Japan,"Autoshow, Wheelspin",
Mazda,2008 Mazda Furai,2008,Extreme Track Toys,R,926,Legendary,353000,6.8,9.6,7.6,7.7,10,4.7,Japan,Seasonal,
Mazda,2010 Mazda Mazdaspeed 3,2010,Hot Hatch,B,536,Common,25000,6.2,4.6,4.2,4.2,3.5,5.4,Japan,"Autoshow, Wheelspin",
Mazda,2011 Mazda RX-8 R3,2011,Modern Sports Cars,B,508,Rare,33000,5.8,5.0,4.6,3.8,3.7,5.5,Japan,"Autoshow, Wheelspin",
Mazda,2013 Mazda MX-5,2013,Modern Sports Cars,C,432,Common,28000,4.8,4.9,3.9,3.4,3.4,5.5,Japan,"Autoshow, Wheelspin",
Mazda,2016 Mazda MX-5,2016,Modern Sports Cars,C,499,Epic,18000,5.4,5.1,4.6,4.7,3.7,5.4,Japan,Autoshow,
Mazda,2017 Mazda MX-5 Cup,2017,Track Toys,B,586,Epic,60000,5.2,6.3,3.0,2.7,4.5,4.9,Japan,"Autoshow, Collection Journal",
Mazda,2022 Mazda MX-5 Miata RF,2022,Modern Sports Cars,B,509,Epic,29000,5.3,5.0,4.8,4.8,3.8,5.4,Japan,"Autoshow, Wheelspin",
McLaren,1993 McLaren F1,1993,Retro Supercars,S1,713,Legendary,5000000,8.8,5.8,6.3,5.8,5.4,5.0,UK,"Autoshow, Wheelspin",
McLaren,1997 McLaren F1 GT,1997,Retro Supercars,S1,769,Legendary,5500000,8.6,7.2,6.5,6.1,6.6,4.8,UK,"Autoshow, Wheelspin",
McLaren,2011 McLaren 12C Coupé,2011,Modern Supercars,S1,727,Epic,105000,7.6,6.0,6.3,6.9,6.2,5.1,UK,"Autoshow, Wheelspin",
McLaren,2013 McLaren P1,2013,Hypercars,S2,848,Legendary,1550000,9.1,7.4,6.9,7.4,9.2,4.9,UK,"Autoshow, Wheelspin",
McLaren,2014 McLaren 650S Spider,2014,Modern Supercars,S1,765,Epic,130000,7.4,6.3,6.7,4.8,7.8,5.1,UK,"Autoshow, Wheelspin",
McLaren,2015 McLaren 570S Coupé,2015,Modern Supercars,S1,721,Epic,130000,7.3,6.1,6.3,4.4,6.9,4.9,UK,"Autoshow, Wheelspin",
McLaren,2018 McLaren 600LT Coupé,2018,Track Toys,S1,780,Epic,260000,7.4,7.0,6.7,4.6,7.6,4.7,UK,Autoshow,
McLaren,2019 McLaren Speedtail,2019,Hypercars,S2,835,Legendary,2000000,9.7,6.5,6.8,7.4,7.2,4.3,UK,"Autoshow, Wheelspin",
McLaren,2021 McLaren 620R,2021,Track Toys,S1,773,Epic,260000,6.8,7.1,6.7,4.4,8.4,5.1,UK,"Wheelspin, Seasonal",
McLaren,2021 McLaren 765LT Coupé,2021,Track Toys,S2,829,Epic,358000,8.1,7.0,7.1,7.7,8.9,4.9,UK,"Autoshow, Wheelspin",
McLaren,2021 McLaren Sabre,2021,Hypercars,S1,787,Epic,3400000,8.1,7.0,6.9,4.1,7.7,4.6,UK,Seasonal,
McLaren,2023 McLaren Artura,2023,Modern Supercars,S1,766,Epic,220000,8.1,6.3,6.7,7.3,7.2,4.9,UK,"Autoshow, Wheelspin",
Mercedes-AMG,2015 Mercedes-AMG GT S,2015,Super GT,A,691,Rare,90000,7.0,6.0,6.2,6.6,7.0,5.4,Germany,"Autoshow, Wheelspin",
Mercedes-AMG,2016 Mercedes-AMG C 63 S Coupé,2016,Modern Super Saloons,A,645,Rare,34000,7.0,5.3,5.2,5.5,5.6,5.1,Germany,"Autoshow, Wheelspin",
Mercedes-AMG,2017 Mercedes-AMG GT R,2017,Super GT,S1,764,Epic,250000,7.7,6.4,6.8,7.4,7.3,4.9,Germany,Seasonal,
Mercedes-AMG,2018 Mercedes-AMG E 63 S,2018,Modern Super Saloons,A,674,Epic,63000,7.6,5.5,8.7,9.7,4.8,5.5,Germany,"Autoshow, Wheelspin",
Mercedes-AMG,2018 Mercedes-AMG GT 4-Door Coupé,2018,Modern Super Saloons,A,664,Epic,250000,8.0,5.3,8.4,9.4,4.5,5.5,Germany,"Wheelspin, Seasonal",
Mercedes-AMG,2020 Mercedes-AMG GT Black Series,2020,Track Toys,S1,782,Legendary,440000,7.4,7.1,6.5,6.2,8.4,4.7,Germany,"Autoshow, Wheelspin",
Mercedes-AMG,2020 Mercedes-AMG GT Black Series Welcome Pack,2020,Track Toys,S2,900,Legendary,200000,7.4,8.9,7.8,8.6,10,4.7,Germany,Autoshow DLC,Welcome Pack
Mercedes-AMG,2020 Mercedes-AMG SLC 43 Final Edition,2020,Modern Sports Cars,A,620,Rare,50000,6.9,5.3,5.1,5.4,4.5,5.0,Germany,"Autoshow, Wheelspin",
Mercedes-AMG,2021 Mercedes-AMG Mercedes-AMG ONE,2021,Hypercars,S2,900,Legendary,2800000,8.5,8.7,10,9.4,9.6,5.3,Germany,"Autoshow, Wheelspin",
Mercedes-AMG,2021 Mercedes-AMG SL 63,2021,GT Cars,A,690,Rare,120000,7.4,5.5,8.7,9.8,4.8,5.3,Germany,"Autoshow, Wheelspin",
Mercedes-Benz,1954 Mercedes-Benz 300 SL Coupé,1954,Rare Classics,D,388,Legendary,1700000,5.1,3.9,3.6,2.3,2.4,5.8,Germany,"Autoshow, Wheelspin",
Mercedes-Benz,1955 Mercedes-Benz 300 SLR,1955,Classic Racers,B,599,Legendary,60000000,6.9,4.2,5.0,3.9,3.1,5.2,Germany,"Autoshow, Wheelspin",
Mercedes-Benz,1987 Mercedes-Benz AMG Hammer Coupe,1987,Retro Super Saloons,B,565,Common,225000,7.2,5.0,4.2,3.0,3.8,5.2,Germany,"Autoshow, Wheelspin",
Mercedes-Benz,1990 Mercedes-Benz 190 E 2.5-16 Evolution II,1990,Retro Super Saloons,C,460,Epic,200000,6.2,4.4,4.0,3.6,2.9,4.8,Germany,Autoshow,
Mercedes-Benz,1990 Mercedes-Benz 190 E 2.5-16 Evolution II Forza Edition,1990,Track Toys,A,700,Forza Edition,750000,6.3,7.3,4.8,3.8,6.3,5.0,Germany,"Wheelspin, Seasonal",
Mercedes-Benz,1998 Mercedes-Benz AMG CLK GTR,1998,Retro Supercars,S1,713,Legendary,3600000,7.6,6.6,6.1,5.1,6.3,4.8,Germany,"Wheelspin, Seasonal",
Mercedes-Benz,2009 Mercedes-Benz SL 65 AMG Black Series,2009,Super GT,A,699,Epic,360000,7.9,5.6,5.3,4.8,5.2,4.9,Germany,"Autoshow, Wheelspin",
Mercedes-Benz,2012 Mercedes-Benz C 63 AMG Coupé Black Series,2012,Modern Super Saloons,A,654,Epic,175000,7.1,5.6,5.1,5.3,5.2,5.1,Germany,Autoshow,
Mercedes-Benz,2013 Mercedes-Benz A 45 AMG,2013,Super Hot Hatch,B,582,Rare,25000,6.7,5.7,6.6,4.5,4.4,5.5,Germany,"Autoshow, Wheelspin",
Mercedes-Benz,2013 Mercedes-Benz G 65 AMG,2013,Pickups & 4x4's,B,530,Rare,120000,5.9,2.9,6.6,8.0,3.2,8.2,Germany,"Autoshow, Collection Journal",
Mercedes-Benz,2014 Mercedes-Benz G 63 AMG 6x6,2014,Pickups & 4x4's,C,489,Epic,780000,5.6,3.4,4.0,6.6,4.1,9.5,Germany,"Wheelspin, Seasonal",
Mercedes-Benz,2014 Mercedes-Benz Unimog U5023,2014,Offroad,D,100,Rare,235000,2.8,3.0,1.3,3.0,2.7,9.0,Germany,"Autoshow, Wheelspin",
Mercedes-Benz,2018 Mercedes-Benz X-Class,2018,Pickups & 4x4's,D,258,Common,50000,4.2,2.9,2.4,4.2,2.8,8.1,Germany,"Autoshow, Wheelspin",
Meyers,1971 Meyers Manx,1971,Buggies,D,201,Epic,34000,3.1,3.9,2.9,5.3,2.6,6.2,USA,"Autoshow, Wheelspin",
Meyers,2023 Meyers Manx 2.0,2023,Buggies,B,540,Epic,74000,4.5,4.3,6.0,6.6,3.6,6.3,USA,"Autoshow, Wheelspin",
MG,1986 MG Metro 6R4,1986,Rally Monsters,A,627,Legendary,220000,4.2,5.7,6.8,6.9,5.8,8.9,UK,"Autoshow, Collection Journal, Wheelspin",
MINI,1965 MINI Cooper S,1965,Classic Rally,D,158,Rare,39000,3.6,3.0,2.6,2.7,2.0,4.3,UK,"Autoshow, Wheelspin",
MINI,2012 MINI John Cooper Works GP,2012,Hot Hatch,B,509,Rare,30000,5.4,4.5,4.2,4.3,3.7,4.9,UK,"Autoshow, Wheelspin",
MINI,2013 MINI X-Raid All4 Racing Countryman,2013,Offroad,B,523,Epic,220000,3.3,4.5,5.2,8.4,4.1,8.4,UK,"Autoshow, Wheelspin",
MINI,2018 MINI X-raid John Cooper Works Buggy,2018,Offroad,B,514,Epic,425000,4.5,3.6,4.0,3.1,4.9,10,UK,"Collection Journal, Seasonal",
MINI,2021 MINI John Cooper Works GP,2021,Super Hot Hatch,B,599,Rare,250000,5.9,5.4,4.7,4.9,4.6,4.9,UK,Seasonal,
Mitsubishi,1990 Mitsubishi #269 Attacking the Clock Racing Minicab Time Attack,1990,Track Toys,D,166,Epic,100000,2.3,6.9,1.9,4.5,9.2,5.2,Japan,Autoshow DLC,Time Attack Car Pack
Mitsubishi,1992 Mitsubishi Galant VR-4,1992,Retro Rally,C,431,Rare,25000,5.4,4.5,4.6,3.1,2.8,5.7,Japan,"Autoshow, Wheelspin",
Mitsubishi,1995 Mitsubishi Eclipse GSX,1995,Retro Sports Cars,C,436,Common,35000,5.9,4.3,3.9,3.2,2.8,5.8,Japan,"Autoshow, Wheelspin",
Mitsubishi,1995 Mitsubishi Lancer Evolution III GSR,1995,Retro Rally,B,518,Treasure Car,29000,5.7,4.9,5.9,4.9,3.5,5.9,Japan,Collection Journal,
Mitsubishi,1995 Mitsubishi Montero Exceed 2800 TD,1995,Pickups & 4x4's,D,190,Rare,25000,3.5,2.9,2.1,2.9,2.8,8.2,Japan,"Autoshow, Wheelspin",
Mitsubishi,1997 Mitsubishi GTO,1997,Retro Sports Cars,C,495,Common,20000,6.1,4.8,4.5,3.6,3.4,5.8,Japan,"Autoshow, Wheelspin",
Mitsubishi,1997 Mitsubishi Montero Evolution,1997,Pickups & 4x4's,D,346,Barn Find,50000,4.6,2.6,3.6,3.3,2.5,8.0,Japan,Collection Journal,
Mitsubishi,2001 Mitsubishi Lancer Evolution VI GSR TM Edition,2001,Retro Rally,B,574,Rare,70000,5.3,5.1,6.4,4.3,4.2,5.7,Japan,Autoshow,
Mitsubishi,2004 Mitsubishi Lancer Evolution VIII MR,2004,Modern Rally,B,555,Rare,30000,6.2,5.0,5.7,3.1,3.6,6.0,Japan,"Autoshow, Wheelspin",
Mitsubishi,2004 Mitsubishi Lancer Evolution VIII MR Welcome Pack,2004,Modern Rally,A,700,Legendary,100000,6.9,6.5,7.7,4.1,5.1,6.9,Japan,Autoshow DLC,Welcome Pack
Mitsubishi,2005 Mitsubishi #1 Sierra Sierra Enterprises Lancer Evolution Time Attack,2005,Extreme Track Toys,R,962,Barn Find,90000,6.5,9.1,10,3.0,10,4.6,Japan,Collection Journal,
Mitsubishi,2006 Mitsubishi Lancer Evolution IX MR,2006,Modern Rally,B,521,Epic,250000,5.9,5.1,4.7,2.4,3.6,5.9,Japan,Seasonal,
Mitsubishi,2008 Mitsubishi Lancer Evolution X GSR,2008,Modern Rally,B,534,Rare,25000,5.7,5.1,5.1,2.9,3.7,6.0,Japan,"Autoshow, Wheelspin",
Nissan,1969 Nissan Fairlady Z 432,1969,Classic Sports Cars,D,369,Epic,250000,4.4,4.4,3.6,2.4,2.7,5.4,Japan,"Autoshow, Wheelspin",
Nissan,1971 Nissan Skyline 2000GT-R,1971,Classic Sports Cars,D,380,Barn Find,169000,4.7,4.0,3.6,2.5,2.6,5.3,Japan,Collection Journal,
Nissan,1973 Nissan Skyline H/T 2000GT-R,1973,Classic Sports Cars,C,407,Epic,416000,4.7,4.2,3.4,2.2,3.0,6.0,Japan,"Autoshow, Wheelspin",
Nissan,1983 Nissan #11 Tomica Skyline Turbo Super Silhouette,1983,Retro Racers,S2,847,Barn Find,301000,6.7,8.4,7.1,2.7,9.1,4.4,Japan,Collection Journal,
Nissan,1985 Nissan Safari Turbo,1985,Pickups & 4x4's,D,123,Treasure Car,25000,3.3,2.9,2.0,3.2,2.2,8.3,Japan,Collection Journal,
Nissan,1987 Nissan Be-1,1987,Eclectic Domestics,D,175,Epic,23000,3.0,4.3,2.1,1.5,3.2,6.1,Japan,Seasonal,
Nissan,1987 Nissan Skyline GTS-R,1987,Retro Sports Cars,C,432,Epic,41000,5.7,4.3,4.0,2.5,2.7,5.2,Japan,Autoshow,
Nissan,1989 Nissan PAO,1989,Eclectic Domestics,D,145,Barn Find,12000,3.0,4.7,1.9,1.2,3.1,6.6,Japan,Collection Journal,
Nissan,1989 Nissan S-Cargo,1989,Eclectic Domestics,D,131,Rare,19000,3.1,4.1,2.0,1.2,2.8,6.0,Japan,"Autoshow, Wheelspin",
Nissan,1989 Nissan S-Cargo Forza Edition,1989,Track Toys,S1,800,Forza Edition,500000,7.6,7.7,4.7,4.8,6.8,5.2,Japan,"Wheelspin, Seasonal",
Nissan,1989 Nissan Silvia K's,1989,Retro Sports Cars,C,455,Common,40000,5.6,4.2,3.9,3.8,2.9,5.4,Japan,Autoshow,
Nissan,1990 Nissan #12 Skyline GT-R (BNR32 Gr.A) JTC,1990,Retro Racers,S2,858,Legendary,1500000,7.3,7.8,9.1,3.3,8.1,5.0,Japan,Autoshow DLC,Car Pass
Nissan,1990 Nissan Pulsar GTI-R,1990,Retro Rally,C,486,Rare,28000,5.4,4.4,5.5,3.4,2.9,5.4,Japan,"Autoshow, Wheelspin",
Nissan,1991 Nissan Figaro,1991,Eclectic Domestics,D,234,Treasure Car,40000,3.4,4.1,2.6,1.0,2.9,6.0,Japan,Collection Journal,
Nissan,1992 Nissan Skyline GT-R,1992,Retro Sports Cars,B,541,Rare,72000,6.0,5.1,5.8,3.3,3.6,5.8,Japan,"Autoshow, Wheelspin",
Nissan,1993 Nissan #32 Skyline WTAC 'Xtreme GTR',1993,Extreme Track Toys,R,923,Epic,570000,6.8,9.6,7.8,2.1,10,5.4,Japan,Autoshow DLC,Time Attack Car Pack
Nissan,1993 Nissan 240SX,1993,Retro Sports Cars,D,339,Epic,250000,5.1,4.2,3.3,2.5,2.5,5.6,Japan,"Wheelspin, Seasonal",
Nissan,1994 Nissan Fairlady Z Version S Twin Turbo,1994,Retro Sports Cars,C,497,Epic,40000,6.0,4.8,4.3,2.7,3.2,5.2,Japan,Autoshow,
Nissan,1994 Nissan Silvia K's,1994,Retro Sports Cars,C,499,Common,20000,5.8,4.9,4.4,2.7,3.4,5.5,Japan,"Autoshow, Wheelspin",
Nissan,1995 Nissan Gloria Gran Turismo,1995,Retro Super Saloons,C,498,Rare,15000,6.0,4.6,4.3,2.5,3.1,5.7,Japan,"Autoshow, Wheelspin",
Nissan,1995 Nissan NISMO GT-R LM,1995,Retro Sports Cars,B,545,Legendary,1100000,5.9,5.8,4.5,2.1,4.0,4.7,Japan,"Autoshow, Wheelspin",
Nissan,1997 Nissan Skyline GT-R V-Spec,1997,Retro Sports Cars,B,555,Rare,250000,6.4,4.9,5.6,3.1,3.6,5.9,Japan,Seasonal,
Nissan,1997 Nissan Stagea RS Four V,1997,Retro Super Saloons,C,439,Epic,20000,5.4,5.0,3.4,1.7,3.1,6.3,Japan,"Autoshow, Wheelspin",
Nissan,1998 Nissan #23 Pennzoil NISMO Skyline GT-R,1998,Retro Racers,S2,848,Barn Find,600000,6.5,8.4,6.4,2.1,9.5,4.5,Japan,Collection Journal,
Nissan,1998 Nissan R390 (GT1),1998,Retro Supercars,S1,774,Barn Find,1000000,7.1,6.6,6.2,3.1,6.6,3.9,Japan,Collection Journal,
Nissan,1998 Nissan Silvia K's Aero,1998,Retro Sports Cars,C,494,Common,22000,5.7,4.8,4.4,2.5,3.4,5.6,Japan,"Autoshow, Wheelspin",
Nissan,1998 Nissan Skyline GT-R 40th Anniversary,1998,Retro Sports Cars,B,547,Legendary,,6.2,4.9,5.6,3.1,3.5,5.7,Japan,Autoshow DLC,Car Pass
Nissan,2000 Nissan #36 Dream Project S15 Silvia WTAC,2000,Extreme Track Toys,R,996,Epic,400000,6.7,9.3,7.7,4.6,10,4.4,Japan,Autoshow DLC,Time Attack Car Pack
Nissan,2000 Nissan Skyline GT-R V Spec II,2000,Retro Sports Cars,B,590,Rare,200000,6.4,5.2,6.5,3.9,3.8,5.8,Japan,"Autoshow, Wheelspin",
Nissan,2002 Nissan Silvia Spec-R,2002,Retro Sports Cars,B,551,Common,44000,6.3,5.0,4.8,3.0,3.8,5.3,Japan,"Autoshow, Wheelspin",
Nissan,2003 Nissan Fairlady Z,2003,Retro Sports Cars,B,534,Common,18000,6.5,5.0,4.6,4.0,3.5,5.2,Japan,"Autoshow, Wheelspin",
Nissan,2010 Nissan 370Z,2010,Modern Sports Cars,B,568,Common,250000,6.6,5.1,4.8,4.6,3.9,5.3,Japan,Seasonal,
Nissan,2012 Nissan GT-R Black Edition (R35),2012,Modern Supercars,S1,703,Rare,80000,7.6,6.1,8.5,8.1,5.3,5.6,Japan,"Autoshow, Wheelspin",
Nissan,2012 Nissan GT-R Black Edition (R35) Forza Edition,2012,Extreme Track Toys,S2,850,Forza Edition,750000,10,6.6,10,10,8.1,5.6,Japan,"Wheelspin, Seasonal",
Nissan,2017 Nissan GT-R (R35),2017,Modern Supercars,S1,709,Rare,115000,7.5,5.9,8.7,7.8,5.3,5.5,Japan,"Autoshow, Wheelspin",
Nissan,2019 Nissan 370Z Nismo,2019,Modern Sports Cars,A,603,Rare,46000,6.6,5.7,5.3,4.8,4.5,5.4,Japan,"Autoshow, Wheelspin",
Nissan,2020 Nissan GT-R NISMO (R35),2020,Track Toys,S1,736,Epic,270000,7.5,6.7,8.9,7.2,6.8,5.1,Japan,"Autoshow, Wheelspin",
Nissan,2024 Nissan GT-R Nismo,2024,Track Toys,S1,741,Epic,220000,7.6,7.1,9.2,7.4,7.3,5.4,Japan,"Autoshow, Collection Journal",
Nissan,2024 Nissan Z NISMO,2024,Modern Sports Cars,A,652,Epic,60000,6.6,5.6,5.3,5.6,4.8,5.2,Japan,"Autoshow, Wheelspin",
Noble,2010 Noble M600,2010,Modern Supercars,S1,793,Epic,322000,8.5,7.0,7.4,7.8,6.1,5.1,UK,"Autoshow, Wheelspin",
Opel,1984 Opel Manta 400,1984,Rally Monsters,B,576,Rare,152000,5.8,4.6,4.6,4.8,3.7,6.8,Germany,"Autoshow, Collection Journal",
Pagani,2009 Pagani Zonda R,2009,Extreme Track Toys,R,918,Legendary,4750000,8.0,9.2,7.6,8.2,10,4.2,Italy,"Autoshow, Wheelspin",
Pagani,2010 Pagani Zonda Cinque Roadster,2010,Hypercars,S2,812,Legendary,4000000,7.4,6.8,6.4,6.9,8.3,4.8,Italy,Autoshow,
Pagani,2016 Pagani Huayra BC Coupe,2016,Hypercars,S2,851,Legendary,3600000,8.4,7.9,7.0,7.6,9.5,4.6,Italy,"Autoshow, Wheelspin",
Pagani,2021 Pagani Huayra R,2021,Extreme Track Toys,R,954,Legendary,2750000,8.7,9.5,7.8,8.2,10,5.0,Italy,Seasonal,
Peel,1962 Peel P50,1962,Cult Cars,D,100,Legendary,21000,1.1,2.8,1.0,2.4,5.2,4.8,UK,"Autoshow, Wheelspin",
Peel,1962 Peel P50 Trolli Edition,1962,Cult Cars,D,100,Legendary,21000,1.1,2.8,1.0,2.4,5.2,4.8,UK,Autoshow DLC,Partnership DLC
Penhall,2011 Penhall The Cholla,2011,Unlimited Buggies,B,541,Rare,85000,4.1,3.7,5.7,4.8,4.3,9.8,USA,"Autoshow, Wheelspin",
Peugeot,1984 Peugeot 205 Turbo 16,1984,Retro Rally,C,500,Barn Find,275000,5.0,4.6,4.4,1.6,3.6,7.4,France,Collection Journal,
Peugeot,1991 Peugeot 205 Rallye,1991,Retro Hot Hatch,D,350,Rare,22000,4.3,4.0,2.9,3.8,2.5,5.1,France,"Autoshow, Wheelspin",
Peugeot,2007 Peugeot 207 Super 2000,2007,Rally Monsters,A,632,Epic,85000,5.3,5.8,5.9,5.2,5.7,8.3,France,Seasonal,
Plymouth,1958 Plymouth Fury,1958,Rods and Customs,D,361,Rare,53000,5.2,3.5,3.2,2.8,2.1,5.9,USA,"Autoshow, Wheelspin",
Plymouth,1968 Plymouth Barracuda Formula S,1968,Classic Muscle,C,445,Rare,45000,5.2,4.1,3.8,3.4,2.9,6.5,USA,"Autoshow, Wheelspin",
Plymouth,1971 Plymouth Cuda 426 HEMI,1971,Classic Muscle,C,441,Epic,125000,5.6,3.5,3.4,3.3,2.4,5.4,USA,"Autoshow, Wheelspin",
Polaris,2021 Polaris RZR Pro XP Factory Racing Limited Edition,2021,UTV's,C,439,Rare,50000,3.3,4.1,3.4,3.5,5.1,10,USA,"Autoshow, Wheelspin",
Polaris,2021 Polaris RZR Pro XP Ultimate,2021,UTV's,C,496,Rare,34000,3.2,3.4,4.0,4.2,4.8,9.1,USA,"Autoshow, Collection Journal",
Pontiac,1977 Pontiac Firebird Trans Am,1977,Classic Muscle,D,312,Rare,60000,5.1,3.7,3.1,2.0,2.1,5.9,USA,"Autoshow, Wheelspin",
Pontiac,1987 Pontiac Firebird Trans Am GTA,1987,Retro Muscle,D,382,Common,25000,5.5,3.8,3.4,3.1,2.4,5.0,USA,"Autoshow, Wheelspin",
Porsche,1970 Porsche #3 917 LH,1970,Classic Racers,S1,777,Legendary,1000000,8.2,5.2,7.2,7.1,4.9,4.5,Germany,"Autoshow, Collection Journal",
Porsche,1970 Porsche #3 917 LH Forza Edition,1970,Extreme Track Toys,R,998,Forza Edition,1250000,9.5,9.8,6.8,6.8,10,5.9,Germany,"Wheelspin, Seasonal",
Porsche,1973 Porsche 911 Carrera RS,1973,Rare Classics,C,490,Legendary,1050000,5.2,4.5,5.1,3.7,3.1,5.3,Germany,"Autoshow, Wheelspin",
Porsche,1982 Porsche 911 Turbo 3.3,1982,Retro Supercars,B,550,Barn Find,240000,5.6,4.7,4.8,2.0,4.1,5.6,Germany,Collection Journal,
Porsche,1985 Porsche #185 959 Prodrive Rally Raid,1985,Rally Monsters,A,623,Legendary,1500000,6.1,5.0,7.5,6.1,4.3,7.9,Germany,"Autoshow, Wheelspin",
Porsche,1987 Porsche 959,1987,Retro Supercars,A,661,Treasure Car,1875000,7.3,5.5,8.2,4.7,4.9,5.2,Germany,Collection Journal,
Porsche,1989 Porsche 944 Turbo,1989,Retro Sports Cars,B,539,Rare,30000,5.8,4.9,4.9,2.6,4.1,5.6,Germany,"Autoshow, Wheelspin",
Porsche,1993 Porsche 911 Turbo S Leichtbau,1993,Retro Sports Cars,A,652,Legendary,600000,7.0,5.4,6.6,3.5,5.0,5.2,Germany,Seasonal,
Porsche,1993 Porsche 928 GTS,1993,Retro Sports Cars,B,563,Rare,150000,6.4,4.9,5.0,3.9,4.0,5.4,Germany,"Autoshow, Wheelspin",
Porsche,1993 Porsche 968 Turbo S,1993,Retro Sports Cars,B,594,Rare,520000,6.2,4.7,5.3,4.5,4.1,5.2,Germany,"Autoshow, Wheelspin",
Porsche,1995 Porsche 911 GT2,1995,Retro Supercars,A,644,Epic,1100000,6.5,5.6,6.7,4.8,5.3,5.1,Germany,"Wheelspin, Seasonal",
Porsche,1997 Porsche 911 GT1 Strassenversion,1997,Retro Supercars,S1,746,Legendary,4000000,7.4,6.8,6.0,6.3,8.2,4.5,Germany,"Autoshow, Wheelspin",
Porsche,2003 Porsche Carrera GT,2003,Retro Supercars,S1,758,Epic,1800000,7.6,6.1,6.6,7.2,7.4,5.0,Germany,"Collection Journal, Seasonal",
Porsche,2004 Porsche 911 GT3,2004,Retro Supercars,A,674,Rare,135000,7.1,6.1,6.4,5.7,5.3,5.4,Germany,"Autoshow, Wheelspin",
Porsche,2005 Porsche Cayman GT3 WTAC,2005,Extreme Track Toys,S2,856,Epic,180000,6.5,9.7,6.5,4.6,10,5.0,Germany,"Autoshow, Wheelspin",
Porsche,2012 Porsche 911 GT3 RS 4.0,2012,Track Toys,S1,726,Epic,930000,7.4,7.1,7.6,7.1,7.3,5.0,Germany,"Autoshow, Collection Journal",
Porsche,2014 Porsche 918 Spyder,2014,Hypercars,S2,858,Legendary,2300000,8.8,7.8,10.0,10,9.0,5.1,Germany,"Autoshow, Collection Journal",
Porsche,2018 Porsche 718 Cayman GTS,2018,Modern Sports Cars,A,675,Epic,75000,6.8,6.5,6.4,7.0,5.5,4.9,Germany,"Autoshow, Wheelspin",
Porsche,2018 Porsche 911 GT2 RS,2018,Track Toys,S2,803,Epic,550000,7.5,7.9,7.6,8.3,8.9,5.1,Germany,"Autoshow, Wheelspin",
Porsche,2018 Porsche Cayenne Turbo,2018,Sports Utility Heroes,A,638,Epic,79000,6.7,4.8,7.4,9.8,6.0,6.3,Germany,"Autoshow, Wheelspin",
Porsche,2018 Porsche Macan LPR Rally Raid,2018,Offroad,B,528,Epic,250000,5.1,3.8,4.7,4.6,4.7,10,Germany,"Autoshow, Wheelspin",
Porsche,2019 Porsche #70 Porsche Motorsport 935,2019,Extreme Track Toys,S2,853,Legendary,1600000,7.7,8.8,8.3,9.1,9.6,4.8,Germany,"Autoshow, Wheelspin",
Porsche,2019 Porsche 911 Carrera S,2019,Modern Sports Cars,S1,714,Rare,145000,7.4,6.6,6.4,6.9,7.6,5.0,Germany,"Autoshow, Wheelspin",
Porsche,2019 Porsche 911 GT3 RS,2019,Track Toys,S1,760,Epic,250000,7.2,7.4,7.4,7.6,8.0,5.0,Germany,"Wheelspin, Seasonal",
Porsche,2020 Porsche Taycan Turbo S,2020,Modern Super Saloons,S1,725,Common,200000,6.1,5.2,8.5,9.6,6.0,4.9,Germany,"Autoshow, Wheelspin",
Porsche,2021 Porsche 911 GT3,2021,Track Toys,S1,752,Epic,260000,7.4,7.4,7.4,6.1,7.9,5.1,Germany,"Autoshow, Wheelspin",
Porsche,2021 Porsche Mission R,2021,Extreme Track Toys,S2,865,Legendary,5000000,6.3,7.9,6.1,6.7,8.8,5.1,Germany,"Autoshow, Wheelspin",
Porsche,2022 Porsche 718 Cayman GT4 RS,2022,Track Toys,S1,737,Epic,190000,7.7,7.2,6.8,7.3,6.2,5.0,Germany,"Autoshow, Collection Journal",
Porsche,2023 Porsche 911 GT3 RS,2023,Track Toys,S1,758,Epic,424000,7.0,8.0,7.2,5.4,10,5.2,Germany,"Autoshow, Wheelspin",
Porsche,2023 Porsche 911 Rallye,2023,Rally Monsters,A,700,Epic,390000,7.0,5.7,7.9,6.8,4.8,8.3,Germany,Seasonal,
Porsche,2023 Porsche 911 Turbo S,2023,Modern Supercars,S1,774,Rare,275000,7.8,6.3,9.3,10,7.2,5.4,Germany,"Autoshow, Wheelspin",
Radical,2015 Radical RXC Turbo,2015,Extreme Track Toys,S2,842,Epic,147000,7.0,8.2,7.0,5.8,8.3,4.6,UK,"Autoshow, Wheelspin",
Ram,2024 Ram 1500 TRX,2024,Pickups & 4x4's,B,514,Common,100000,5.9,2.9,6.3,4.9,3.3,8.8,USA,Autoshow,
Reliant,1972 Reliant Supervan III,1972,Utility Heroes,D,100,Common,39000,2.6,2.9,2.2,4.5,2.0,6.1,UK,"Autoshow, Wheelspin",
Renault,1967 Renault 8 Gordini,1967,Classic Rally,D,322,Common,250000,4.0,4.2,3.5,2.8,2.9,6.1,France,Seasonal,
Renault,1980 Renault 5 Turbo,1980,Retro Rally,C,417,Rare,143000,4.5,4.0,4.6,3.3,2.9,6.3,France,"Autoshow, Wheelspin",
Renault,1993 Renault Clio Williams,1993,Retro Hot Hatch,D,400,Common,30000,4.7,4.3,4.0,3.1,2.9,5.2,France,"Autoshow, Wheelspin",
Renault,2008 Renault Mégane R26.R,2008,Hot Hatch,B,561,Rare,58000,5.4,5.4,4.8,4.0,5.2,5.2,France,"Autoshow, Wheelspin",
Renault,2010 Renault Megane RS 250,2010,Super Hot Hatch,B,538,Common,14000,5.6,5.4,4.8,2.9,4.8,5.4,France,"Autoshow, Wheelspin",
Renault,2018 Renault Megane R.S.,2018,Super Hot Hatch,B,547,Rare,32000,5.7,5.6,4.5,4.6,4.4,5.3,France,"Autoshow, Wheelspin",
Rimac,2021 Rimac Nevera,2021,Hypercars,R,913,Legendary,2250000,9.0,6.9,8.2,9.2,8.3,4.9,Croatia,"Wheelspin, Seasonal",
Rivian,2022 Rivian R1T,2022,Pickups & 4x4's,A,607,Epic,56000,4.4,2.9,6.6,7.2,4.1,8.3,USA,"Autoshow, Wheelspin",
RJ Anderson,2016 RJ Anderson #37 Polaris RZR Pro 2 Truck,2016,Unlimited Offroad,A,674,Epic,120000,5.9,3.7,4.5,4.2,5.1,10.0,USA,"Autoshow, Collection Journal",
RJ Anderson,2021 RJ Anderson #37 Polaris RZR Pro 4 Truck,2021,Unlimited Offroad,A,677,Epic,250000,5.4,2.9,8.1,8.5,5.3,9.0,USA,"Wheelspin, Seasonal",
Saleen,2017 Saleen S7 LM,2017,Extreme Track Toys,S2,835,Epic,1000000,8.9,7.1,7.2,6.5,7.2,4.9,USA,Seasonal,
Schuppan,1993 Schuppan 962CR,1993,Retro Supercars,S1,764,Epic,1950000,8.3,7.4,4.9,2.8,6.8,5.0,UK,Seasonal,
Shelby,1965 Shelby Cobra 427 S/C,1965,Rare Classics,B,582,Legendary,3000000,5.9,3.8,4.5,4.6,3.2,4.7,USA,"Collection Journal, Seasonal",
Shelby,1965 Shelby Cobra Daytona Coupe,1965,Classic Racers,B,515,Legendary,20000000,6.7,3.6,3.7,2.9,2.8,4.9,USA,"Autoshow, Wheelspin",
SIERRA Cars,2020 SIERRA Cars #23 Yokohama ALPHA,2020,Extreme Track Toys,R,926,Epic,65000,6.2,8.9,7.6,4.5,10,4.5,USA,"Autoshow, Wheelspin",
SIERRA Cars,2021 SIERRA Cars 700R,2021,UTV's,D,346,Rare,75000,2.7,5.3,4.1,6.9,6.3,8.6,USA,"Autoshow, Wheelspin",
SIERRA Cars,2021 SIERRA Cars RX3,2021,UTV's,A,635,Rare,50000,4.3,4.9,6.4,7.1,5.9,7.9,USA,"Autoshow, Wheelspin",
SRT,2013 SRT Viper GTS,2013,Modern Muscle,S1,707,Rare,135000,7.6,5.6,5.5,4.6,5.8,5.1,USA,"Autoshow, Wheelspin, Loyalty",
Subaru,1980 Subaru BRAT GL,1980,Utility Heroes,D,159,Common,20000,3.6,3.9,2.3,2.1,1.9,6.7,Japan,"Autoshow, Wheelspin",
Subaru,1990 Subaru LEGACY RS,1990,Retro Rally,C,406,Common,15000,5.3,4.3,3.8,2.4,2.8,5.6,Japan,"Autoshow, Wheelspin",
Subaru,1994 Subaru Vivio RX-R,1994,Eclectic Domestics,D,281,Epic,10000,3.8,4.3,2.6,4.2,2.8,5.9,Japan,"Autoshow, Wheelspin",
Subaru,1994 Subaru Vivio RX-R Forza Edition,1994,Extreme Track Toys,S2,900,Forza Edition,750000,6.3,8.7,5.9,6.3,9.8,4.2,Japan,"Collection Journal, Seasonal",
Subaru,1996 Subaru SVX,1996,Retro Sports Cars,C,466,Common,13000,5.8,5.0,3.5,2.4,3.2,5.6,Japan,"Autoshow, Wheelspin",
Subaru,1998 Subaru Impreza 22B-STi Version,1998,Retro Rally,B,600,Legendary,86000,5.9,4.9,7.0,4.7,4.0,5.7,Japan,"Autoshow, Wheelspin",
Subaru,2004 Subaru IMPREZA WRX STI,2004,Modern Rally,B,552,Common,30000,5.9,4.9,6.0,3.6,3.6,5.9,Japan,"Autoshow, Wheelspin",
Subaru,2005 Subaru IMPREZA WRX STI,2005,Modern Rally,B,570,Common,35000,6.2,4.9,6.3,3.2,3.6,6.1,Japan,"Autoshow, Wheelspin",
Subaru,2005 Subaru LEGACY B4 2.0 GT,2005,Retro Super Saloons,B,549,Common,10000,6.5,4.8,6.0,5.8,3.3,5.6,Japan,"Autoshow, Wheelspin",
Subaru,2008 Subaru IMPREZA WRX STI,2008,Modern Rally,B,539,Rare,27000,5.7,5.1,5.4,3.8,3.7,5.9,Japan,"Autoshow, Wheelspin",
Subaru,2011 Subaru WRX STI,2011,Modern Rally,B,547,Rare,27000,6.0,5.3,5.1,2.8,3.9,6.2,Japan,"Autoshow, Wheelspin",
Subaru,2013 Subaru BRZ,2013,Modern Sports Cars,C,463,Common,25000,5.7,4.6,4.2,3.6,3.1,5.3,Japan,"Autoshow, Wheelspin",
Subaru,2015 Subaru WRX STI,2015,Modern Rally,B,555,Common,27000,6.0,5.3,5.5,3.1,3.9,5.9,Japan,"Autoshow, Wheelspin",
Subaru,2018 Subaru WRX STI ARX Supercar,2018,Rally Monsters,S1,757,Epic,150000,5.4,5.6,7.8,2.2,5.9,8.1,Japan,Seasonal,
Subaru,2019 Subaru STI S209,2019,Modern Rally,B,574,Common,250000,6.0,5.3,5.8,3.1,4.4,5.9,Japan,Seasonal,
Subaru,2022 Subaru BRZ,2022,Modern Sports Cars,B,551,Epic,28000,5.4,5.5,5.1,4.7,4.2,5.4,Japan,"Autoshow, Wheelspin",
Subaru,2022 Subaru BRZ Forza Edition,2022,Unlimited Offroad,A,700,Forza Edition,500000,7.6,4.3,7.7,7.0,4.3,10,Japan,Aftermarket,
Subaru,2022 Subaru WRX,2022,Modern Rally,B,538,Epic,25000,5.9,5.2,5.6,6.0,3.8,6.0,Japan,"Autoshow, Wheelspin",
Toyota,1965 Toyota Sports 800,1965,Classic Sports Cars,D,141,Rare,250000,3.1,4.5,1.8,2.3,2.9,6.0,Japan,"Collection Journal, Wheelspin, Seasonal",
Toyota,1965 Toyota Sports 800 Fanta Edition,1965,Classic Sports Cars,D,141,Rare,35000,3.1,4.5,1.8,2.3,2.9,6.0,Japan,Autoshow DLC,Partnership DLC
Toyota,1969 Toyota 2000GT,1969,Rare Classics,D,377,Barn Find,1000000,5.1,4.0,3.7,2.7,2.6,5.3,Japan,Collection Journal,
Toyota,1974 Toyota Corolla SR5,1974,Classic Sports Cars,D,197,Epic,250000,3.7,3.4,2.2,2.9,2.2,5.4,Japan,Seasonal,
Toyota,1979 Toyota FJ40,1979,Pickups & 4x4's,D,157,Common,103000,3.4,2.6,2.4,3.4,2.3,7.8,Japan,"Autoshow, Wheelspin",
Toyota,1985 Toyota Sprinter Trueno GT Apex,1985,Retro Sports Cars,D,376,Epic,30000,4.5,4.0,4.0,3.4,2.6,5.5,Japan,"Autoshow, Wheelspin",
Toyota,1985 Toyota Sprinter Trueno GT Apex Forza Edition,1985,Track Toys,B,600,Forza Edition,500000,5.0,5.8,4.5,4.6,5.5,4.4,Japan,"Collection Journal, Seasonal",
Toyota,1989 Toyota MR2 SC,1989,Retro Sports Cars,D,397,Rare,250000,5.1,4.5,3.8,3.3,2.8,5.6,Japan,Seasonal,
Toyota,1991 Toyota Chaser GT Twin Turbo,1991,Retro Super Saloons,C,484,Rare,20000,5.8,4.5,4.0,1.8,3.1,5.6,Japan,"Autoshow, Wheelspin",
Toyota,1991 Toyota Sera,1991,Eclectic Domestics,D,344,Rare,11000,4.3,4.1,2.7,1.7,3.0,5.6,Japan,"Autoshow, Wheelspin",
Toyota,1992 Toyota Celica GT-Four RC ST185,1992,Retro Rally,C,438,Rare,30000,5.8,4.2,4.7,2.9,2.7,5.7,Japan,Autoshow,
Toyota,1992 Toyota Supra 2.0 GT,1992,Retro Sports Cars,C,453,Rare,28000,5.4,4.6,4.1,2.7,3.0,5.5,Japan,"Autoshow, Wheelspin",
Toyota,1993 Toyota #1 T100 Baja Truck,1993,Unlimited Offroad,B,584,Legendary,400000,4.7,3.7,5.9,6.0,4.7,10,Japan,"Autoshow, Wheelspin",
Toyota,1994 Toyota Celica GT-Four ST205,1994,Retro Rally,C,479,Common,27000,6.1,4.6,5.1,2.9,3.0,5.6,Japan,"Autoshow, Wheelspin",
Toyota,1995 Toyota J&J Motorsport Supra WTAC,1995,Extreme Track Toys,S2,828,Epic,420000,6.8,8.3,5.7,6.0,9.5,4.0,Japan,Autoshow DLC,Time Attack Car Pack
Toyota,1995 Toyota MR2 GT,1995,Retro Sports Cars,B,522,Rare,28000,6.2,4.7,5.3,3.9,3.1,5.2,Japan,"Autoshow, Wheelspin",
Toyota,1996 Toyota Starlet Glanza V,1996,Retro Hot Hatch,C,435,Common,250000,5.0,3.9,4.0,2.1,3.0,5.6,Japan,Seasonal,
Toyota,1997 Toyota Chaser 2.5 Tourer V,1997,Retro Super Saloons,B,504,Rare,15500,5.6,4.7,4.0,2.6,3.3,5.6,Japan,"Autoshow, Collection Journal",
Toyota,1997 Toyota Soarer 2.5 GT-T,1997,Retro Sports Cars,C,491,Rare,18000,6.2,4.6,4.1,2.9,3.1,5.9,Japan,"Autoshow, Collection Journal, Wheelspin",
Toyota,1998 Toyota Supra RZ,1998,Retro Sports Cars,B,529,Rare,60000,6.4,4.8,4.6,3.1,3.5,5.2,Japan,"Autoshow, Collection Journal, Wheelspin",
Toyota,1999 Toyota Altezza RS200 Z EDITION,1999,Retro Super Saloons,C,461,Rare,250000,5.7,4.9,4.3,3.5,3.2,5.7,Japan,Seasonal,
Toyota,2003 Toyota Celica Sport Specialty II,2003,Retro Sports Cars,C,433,Rare,12000,5.5,4.4,3.8,3.0,3.0,5.6,Japan,"Autoshow, Wheelspin",
Toyota,2005 Toyota Crown Super Deluxe Taxi,2005,Retro Super Saloons,D,181,Common,10000,3.6,4.3,1.9,1.3,2.5,5.9,Japan,"Autoshow, Wheelspin",
Toyota,2013 Toyota 86,2013,Modern Sports Cars,C,460,Rare,15800,5.5,4.6,4.2,3.6,3.2,5.2,Japan,"Autoshow, Wheelspin",
Toyota,2013 Toyota 86 Stories,2013,Track Toys,A,685,Legendary,250000,6.8,6.3,5.3,5.3,5.2,4.7,Japan,"Collection Journal, Seasonal",
Toyota,2016 Toyota Land Cruiser Arctic Trucks AT37,2016,Pickups & 4x4's,D,332,Rare,250000,4.2,3.8,2.7,2.5,2.7,9.5,Japan,Seasonal,
Toyota,2017 Toyota JPN Taxi,2017,Eclectic Domestics,D,248,Common,25000,3.8,4.1,2.3,2.2,2.7,6.0,Japan,"Autoshow, Wheelspin",
Toyota,2019 Toyota 4Runner TRD Pro,2019,Pickups & 4x4's,C,421,Rare,42000,5.1,3.5,3.3,2.3,3.2,9.1,Japan,"Autoshow, Wheelspin",
Toyota,2019 Toyota Tacoma TRD Pro,2019,Pickups & 4x4's,C,409,Rare,34000,4.9,3.4,3.2,2.5,3.1,8.9,Japan,"Autoshow, Wheelspin",
Toyota,2019 Toyota Tacoma TRD Pro Forza Edition,2019,Extreme Track Toys,R,998,Forza Edition,500000,8.2,9.5,10,10,10,6.0,Japan,Autoshow DLC,VIP
Toyota,2020 Toyota GR Supra,2020,Modern Sports Cars,A,616,Rare,45000,6.2,5.5,5.5,5.8,4.6,5.3,Japan,"Autoshow, Collection Journal, Wheelspin",
Toyota,2021 Toyota GR Yaris,2021,Modern Rally,B,558,Epic,54000,5.2,5.1,6.3,5.0,4.9,5.6,Japan,"Autoshow, Wheelspin",
Toyota,2022 Toyota GR86,2022,Modern Sports Cars,B,556,Common,28000,5.5,5.4,5.1,4.8,4.3,5.3,Japan,"Autoshow, Wheelspin",
Toyota,2023 Toyota Camry TRD,2023,Modern Super Saloons,B,525,Epic,31000,6.3,4.8,4.4,4.2,3.6,5.3,Japan,Autoshow,
Toyota,2023 Toyota GR Corolla,2023,Super Hot Hatch,B,596,Rare,,5.9,5.7,6.0,3.8,5.0,5.9,Japan,Autoshow DLC,Car Pass
Toyota,2025 Toyota Land Cruiser,2025,Sports Utility Heroes,C,456,Rare,70000,5.7,2.5,4.9,6.7,2.9,7.6,Japan,"Autoshow, Wheelspin",
TVR,1998 TVR Cerbera Speed 12,1998,Retro Supercars,S1,770,Epic,750000,8.7,6.3,5.4,5.7,6.6,3.8,UK,Seasonal,
TVR,2005 TVR Sagaris,2005,Retro Sports Cars,A,672,Rare,115000,6.7,5.6,5.3,5.5,5.0,4.8,UK,"Autoshow, Wheelspin",
TVR,2018 TVR Griffith,2018,Modern Sports Cars,S1,729,Rare,250000,7.2,6.9,5.9,6.3,6.8,4.7,UK,Autoshow,
Ultima,2015 Ultima Evolution Coupe 1020,2015,Extreme Track Toys,R,925,Epic,150000,8.8,8.2,7.7,8.4,8.0,4.9,UK,"Autoshow, Wheelspin",
Volkswagen,1963 Volkswagen Beetle,1963,Cult Cars,D,100,Legendary,17000,2.9,3.5,1.7,2.9,1.9,5.9,Germany,"Autoshow, Wheelspin",
Volkswagen,1963 Volkswagen Type 2 De Luxe,1963,Cult Cars,D,100,Rare,178000,2.6,3.5,1.5,3.0,2.0,5.9,Germany,"Autoshow, Collection Journal",
Volkswagen,1969 Volkswagen Class 5/1600 Baja Bug,1969,Buggies,D,260,Rare,35000,3.5,4.3,2.5,4.7,3.1,8.0,Germany,"Autoshow, Wheelspin",
Volkswagen,1982 Volkswagen Pickup LX,1982,Utility Heroes,D,100,Epic,16000,2.7,3.3,1.6,2.4,2.5,6.6,Germany,"Autoshow, Wheelspin",
Volkswagen,1983 Volkswagen Golf GTI,1983,Retro Hot Hatch,D,314,Common,18000,4.2,3.6,3.5,3.3,2.4,5.3,Germany,"Autoshow, Wheelspin",
Volkswagen,1989 Volkswagen Rallye Golf,1989,Retro Rally,C,440,Rare,250000,5.1,4.6,3.2,4.5,2.9,5.9,Germany,Seasonal,
Volkswagen,1992 Volkswagen Golf Gti 16v Mk2,1992,Retro Hot Hatch,D,308,Common,22000,4.6,4.0,3.4,2.5,2.4,5.2,Germany,"Autoshow, Wheelspin",
Volkswagen,1995 Volkswagen Corrado VR6,1995,Retro Hot Hatch,C,426,Common,30000,5.4,4.4,3.6,3.3,2.8,5.3,Germany,"Autoshow, Wheelspin",
Volkswagen,2010 Volkswagen Golf R,2010,Super Hot Hatch,B,526,Rare,20000,5.8,5.3,5.0,3.2,3.5,5.8,Germany,"Autoshow, Wheelspin",
Volkswagen,2011 Volkswagen Scirocco R,2011,Hot Hatch,B,548,Rare,15000,5.8,5.1,4.6,4.8,4.0,5.3,Germany,"Autoshow, Wheelspin",
Volkswagen,2014 Volkswagen Golf R,2014,Super Hot Hatch,B,536,Common,27000,5.9,5.4,5.8,6.3,3.8,5.9,Germany,"Autoshow, Wheelspin",
Volkswagen,2017 Volkswagen #34 Andretti Rally Cross Beetle,2017,Rally Monsters,S1,764,Epic,150000,4.8,5.3,9.2,4.6,5.9,7.8,Germany,"Autoshow, Wheelspin",
Volkswagen,2021 Volkswagen Golf R,2021,Super Hot Hatch,B,546,Common,29000,5.9,5.5,5.6,6.2,3.9,5.9,Germany,"Autoshow, Wheelspin",
Volkswagen,2022 Volkswagen Golf R,2022,Super Hot Hatch,B,548,Rare,35000,6.1,5.5,5.6,6.0,4.3,6.0,Germany,"Autoshow, Wheelspin",
Volvo,1983 Volvo 242 Turbo Evolution,1983,Classic Rally,C,435,Common,30000,5.0,3.7,4.0,3.6,3.1,5.7,Sweden,"Autoshow, Wheelspin",
Wuling,2013 Wuling Sunshine S,2013,Utility Heroes,D,107,Rare,2000,3.1,4.2,1.5,1.9,2.6,6.5,China,"Autoshow, Wheelspin",
Wuling,2013 Wuling Sunshine S Forza Edition,2013,Track Toys,S1,800,Rare,500000,7.1,7.5,5.9,6.2,7.7,5.3,China,"Wheelspin, Seasonal",
Wuling,2022 Wuling Hongguang Mini EV,2022,Hot Hatch,D,100,Rare,5000,2.1,4.9,1.5,1.9,3.3,6.2,China,"Autoshow, Wheelspin",
Zenvo,2019 Zenvo TSR-S,2019,Hypercars,R,906,Legendary,1200000,9.2,9.1,7.6,8.3,10,4.8,Denmark,"Autoshow, Wheelspin",
Honda,2003 Honda S2000 'Touge Edition',2003,Unobtainable,,,Unknown,,,,,,,,Japan,Unobtainable,
Honda,1994 Honda Acty 'RakuRaku Express',1994,Unobtainable,,,Unknown,,,,,,,,Japan,Unobtainable,
Nissan,2012 Nissan GT-R Black Edition (R35) 'Touge Edition',2012,Unobtainable,,,Unknown,,,,,,,,Japan,Unobtainable,
Subaru,1998 Subaru Impreza 22B-STi Version 'Touge Edition',1998,Unobtainable,,,Unknown,,,,,,,,Japan,Unobtainable,
Toyota,1985 Toyota Sprinter Trueno GT Apex 'Touge Edition',1985,Unobtainable,,,Unknown,,,,,,,,Japan,Unobtainable,
